user_id,session_id,process_id,timestamp,timer_id,initial_duration,final_duration,correction_minutes,active_timers,sequence_id,sequence_repeated
U01,U01_S1,U01_S1_P1,1788100031,U01_S1_P1_T1,23,23,0,2,new_U01_S1_P1,0
U01,U01_S1,U01_S1_P1,1788100054,U01_S1_P1_T2,7,8,1,2,new_U01_S1_P1,0
U01,U01_S1,U01_S1_P2,1788100143,U01_S1_P2_T1,18,20,2,3,new_U01_S1_P2,0
U01,U01_S1,U01_S1_P2,1788100163,U01_S1_P2_T2,29,29,0,3,new_U01_S1_P2,0
U01,U01_S1,U01_S1_P2,1788100237,U01_S1_P2_T3,15,13,-2,3,new_U01_S1_P2,0
U01,U01_S1,U01_S1_P3,1788100302,U01_S1_P3_T1,16,16,0,3,new_U01_S1_P3,0
U01,U01_S1,U01_S1_P3,1788100327,U01_S1_P3_T2,28,28,0,3,new_U01_S1_P3,0
U01,U01_S1,U01_S1_P3,1788100362,U01_S1_P3_T3,17,19,2,3,new_U01_S1_P3,0
U01,U01_S1,U01_S1_P4,1788100406,U01_S1_P4_T1,27,28,1,3,new_U01_S1_P4,0
U01,U01_S1,U01_S1_P4,1788100455,U01_S1_P4_T2,8,7,-1,3,new_U01_S1_P4,0
U01,U01_S1,U01_S1_P4,1788100521,U01_S1_P4_T3,10,12,2,3,new_U01_S1_P4,0
U01,U01_S1,U01_S1_P5,1788100562,U01_S1_P5_T1,22,22,0,3,new_U01_S1_P5,0
U01,U01_S1,U01_S1_P5,1788100602,U01_S1_P5_T2,19,21,2,3,new_U01_S1_P5,0
U01,U01_S1,U01_S1_P5,1788100663,U01_S1_P5_T3,29,29,0,3,new_U01_S1_P5,0
U01,U01_S2,U01_S2_P1,1788100687,U01_S2_P1_T1,30,32,2,2,new_U01_S2_P1,0
U01,U01_S2,U01_S2_P1,1788100747,U01_S2_P1_T2,11,11,0,2,new_U01_S2_P1,0
U01,U01_S2,U01_S2_P2,1788100825,U01_S2_P2_T1,9,7,-2,3,new_U01_S2_P2,0
U01,U01_S2,U01_S2_P2,1788100899,U01_S2_P2_T2,23,23,0,3,new_U01_S2_P2,0
U01,U01_S2,U01_S2_P2,1788100947,U01_S2_P2_T3,9,9,0,3,new_U01_S2_P2,0
U01,U01_S2,U01_S2_P3,1788100973,U01_S2_P3_T1,8,10,2,3,repeated_sequence,1
U01,U01_S2,U01_S2_P3,1788101042,U01_S2_P3_T2,17,17,0,3,repeated_sequence,1
U01,U01_S2,U01_S2_P3,1788101121,U01_S2_P3_T3,21,23,2,3,repeated_sequence,1
U01,U01_S2,U01_S2_P4,1788101209,U01_S2_P4_T1,29,31,2,3,repeated_sequence,1
U01,U01_S2,U01_S2_P4,1788101243,U01_S2_P4_T2,14,14,0,3,repeated_sequence,1
U01,U01_S2,U01_S2_P4,1788101321,U01_S2_P4_T3,5,5,0,3,repeated_sequence,1
U01,U01_S2,U01_S2_P5,1788101363,U01_S2_P5_T1,21,21,0,3,new_U01_S2_P5,0
U01,U01_S2,U01_S2_P5,1788101421,U01_S2_P5_T2,25,25,0,3,new_U01_S2_P5,0
U01,U01_S2,U01_S2_P5,1788101466,U01_S2_P5_T3,9,7,-2,3,new_U01_S2_P5,0
U01,U01_S3,U01_S3_P1,1788101527,U01_S3_P1_T1,20,21,1,4,new_U01_S3_P1,0
U01,U01_S3,U01_S3_P1,1788101586,U01_S3_P1_T2,12,9,-3,4,new_U01_S3_P1,0
U01,U01_S3,U01_S3_P1,1788101668,U01_S3_P1_T3,7,7,0,4,new_U01_S3_P1,0
U01,U01_S3,U01_S3_P1,1788101756,U01_S3_P1_T4,29,30,1,4,new_U01_S3_P1,0
U01,U01_S3,U01_S3_P2,1788101830,U01_S3_P2_T1,11,11,0,3,new_U01_S3_P2,0
U01,U01_S3,U01_S3_P2,1788101875,U01_S3_P2_T2,27,29,2,3,new_U01_S3_P2,0
U01,U01_S3,U01_S3_P2,1788101942,U01_S3_P2_T3,19,19,0,3,new_U01_S3_P2,0
U01,U01_S3,U01_S3_P3,1788101964,U01_S3_P3_T1,23,23,0,2,repeated_sequence,1
U01,U01_S3,U01_S3_P3,1788102012,U01_S3_P3_T2,5,7,2,2,repeated_sequence,1
U01,U01_S3,U01_S3_P4,1788102041,U01_S3_P4_T1,21,24,3,2,new_U01_S3_P4,0
U01,U01_S3,U01_S3_P4,1788102088,U01_S3_P4_T2,22,20,-2,2,new_U01_S3_P4,0
U01,U01_S3,U01_S3_P5,1788102160,U01_S3_P5_T1,11,9,-2,2,new_U01_S3_P5,0
U01,U01_S3,U01_S3_P5,1788102186,U01_S3_P5_T2,26,26,0,2,new_U01_S3_P5,0
U01,U01_S4,U01_S4_P1,1788102213,U01_S4_P1_T1,17,17,0,2,new_U01_S4_P1,0
U01,U01_S4,U01_S4_P1,1788102246,U01_S4_P1_T2,12,10,-2,2,new_U01_S4_P1,0
U01,U01_S4,U01_S4_P2,1788102275,U01_S4_P2_T1,19,19,0,2,new_U01_S4_P2,0
U01,U01_S4,U01_S4_P2,1788102365,U01_S4_P2_T2,8,11,3,2,new_U01_S4_P2,0
U01,U01_S4,U01_S4_P3,1788102415,U01_S4_P3_T1,10,10,0,2,new_U01_S4_P3,0
U01,U01_S4,U01_S4_P3,1788102496,U01_S4_P3_T2,11,11,0,2,new_U01_S4_P3,0
U01,U01_S4,U01_S4_P4,1788102565,U01_S4_P4_T1,13,13,0,3,repeated_sequence,1
U01,U01_S4,U01_S4_P4,1788102643,U01_S4_P4_T2,14,14,0,3,repeated_sequence,1
U01,U01_S4,U01_S4_P4,1788102725,U01_S4_P4_T3,9,7,-2,3,repeated_sequence,1
U01,U01_S4,U01_S4_P5,1788102785,U01_S4_P5_T1,6,4,-2,3,repeated_sequence,1
U01,U01_S4,U01_S4_P5,1788102872,U01_S4_P5_T2,10,9,-1,3,repeated_sequence,1
U01,U01_S4,U01_S4_P5,1788102900,U01_S4_P5_T3,26,26,0,3,repeated_sequence,1
U02,U02_S1,U02_S1_P1,1788200030,U02_S1_P1_T1,18,18,0,2,repeated_sequence,1
U02,U02_S1,U02_S1_P1,1788200116,U02_S1_P1_T2,15,15,0,2,repeated_sequence,1
U02,U02_S1,U02_S1_P2,1788200186,U02_S1_P2_T1,9,9,0,2,new_U02_S1_P2,0
U02,U02_S1,U02_S1_P2,1788200244,U02_S1_P2_T2,19,22,3,2,new_U02_S1_P2,0
U02,U02_S1,U02_S1_P3,1788200276,U02_S1_P3_T1,7,9,2,3,new_U02_S1_P3,0
U02,U02_S1,U02_S1_P3,1788200312,U02_S1_P3_T2,16,16,0,3,new_U02_S1_P3,0
U02,U02_S1,U02_S1_P3,1788200363,U02_S1_P3_T3,16,15,-1,3,new_U02_S1_P3,0
U02,U02_S1,U02_S1_P4,1788200450,U02_S1_P4_T1,5,5,0,2,new_U02_S1_P4,0
U02,U02_S1,U02_S1_P4,1788200540,U02_S1_P4_T2,14,14,0,2,new_U02_S1_P4,0
U02,U02_S1,U02_S1_P5,1788200573,U02_S1_P5_T1,28,25,-3,3,new_U02_S1_P5,0
U02,U02_S1,U02_S1_P5,1788200619,U02_S1_P5_T2,27,29,2,3,new_U02_S1_P5,0
U02,U02_S1,U02_S1_P5,1788200671,U02_S1_P5_T3,6,5,-1,3,new_U02_S1_P5,0
U02,U02_S2,U02_S2_P1,1788200724,U02_S2_P1_T1,10,10,0,2,new_U02_S2_P1,0
U02,U02_S2,U02_S2_P1,1788200814,U02_S2_P1_T2,27,25,-2,2,new_U02_S2_P1,0
U02,U02_S2,U02_S2_P2,1788200903,U02_S2_P2_T1,6,6,0,3,new_U02_S2_P2,0
U02,U02_S2,U02_S2_P2,1788200993,U02_S2_P2_T2,9,6,-3,3,new_U02_S2_P2,0
U02,U02_S2,U02_S2_P2,1788201059,U02_S2_P2_T3,30,30,0,3,new_U02_S2_P2,0
U02,U02_S2,U02_S2_P3,1788201092,U02_S2_P3_T1,16,16,0,3,new_U02_S2_P3,0
U02,U02_S2,U02_S2_P3,1788201164,U02_S2_P3_T2,24,24,0,3,new_U02_S2_P3,0
U02,U02_S2,U02_S2_P3,1788201214,U02_S2_P3_T3,10,10,0,3,new_U02_S2_P3,0
U02,U02_S2,U02_S2_P4,1788201286,U02_S2_P4_T1,5,2,-3,2,new_U02_S2_P4,0
U02,U02_S2,U02_S2_P4,1788201337,U02_S2_P4_T2,13,15,2,2,new_U02_S2_P4,0
U02,U02_S2,U02_S2_P5,1788201382,U02_S2_P5_T1,19,21,2,2,new_U02_S2_P5,0
U02,U02_S2,U02_S2_P5,1788201431,U02_S2_P5_T2,12,14,2,2,new_U02_S2_P5,0
U02,U02_S3,U02_S3_P1,1788201486,U02_S3_P1_T1,16,16,0,3,new_U02_S3_P1,0
U02,U02_S3,U02_S3_P1,1788201557,U02_S3_P1_T2,26,26,0,3,new_U02_S3_P1,0
U02,U02_S3,U02_S3_P1,1788201645,U02_S3_P1_T3,15,15,0,3,new_U02_S3_P1,0
U02,U02_S3,U02_S3_P2,1788201698,U02_S3_P2_T1,6,3,-3,3,repeated_sequence,1
U02,U02_S3,U02_S3_P2,1788201758,U02_S3_P2_T2,18,20,2,3,repeated_sequence,1
U02,U02_S3,U02_S3_P2,1788201810,U02_S3_P2_T3,6,6,0,3,repeated_sequence,1
U02,U02_S3,U02_S3_P3,1788201898,U02_S3_P3_T1,26,26,0,2,repeated_sequence,1
U02,U02_S3,U02_S3_P3,1788201943,U02_S3_P3_T2,16,19,3,2,repeated_sequence,1
U02,U02_S3,U02_S3_P4,1788201978,U02_S3_P4_T1,28,28,0,1,new_U02_S3_P4,0
U02,U02_S3,U02_S3_P5,1788202035,U02_S3_P5_T1,22,20,-2,1,new_U02_S3_P5,0
U02,U02_S4,U02_S4_P1,1788202093,U02_S4_P1_T1,17,15,-2,3,new_U02_S4_P1,0
U02,U02_S4,U02_S4_P1,1788202149,U02_S4_P1_T2,11,10,-1,3,new_U02_S4_P1,0
U02,U02_S4,U02_S4_P1,1788202225,U02_S4_P1_T3,26,24,-2,3,new_U02_S4_P1,0
U02,U02_S4,U02_S4_P2,1788202255,U02_S4_P2_T1,14,16,2,3,repeated_sequence,1
U02,U02_S4,U02_S4_P2,1788202317,U02_S4_P2_T2,7,7,0,3,repeated_sequence,1
U02,U02_S4,U02_S4_P2,1788202367,U02_S4_P2_T3,26,24,-2,3,repeated_sequence,1
U02,U02_S4,U02_S4_P3,1788202396,U02_S4_P3_T1,19,21,2,1,new_U02_S4_P3,0
U02,U02_S4,U02_S4_P4,1788202447,U02_S4_P4_T1,9,9,0,2,new_U02_S4_P4,0
U02,U02_S4,U02_S4_P4,1788202467,U02_S4_P4_T2,29,29,0,2,new_U02_S4_P4,0
U02,U02_S4,U02_S4_P5,1788202553,U02_S4_P5_T1,19,18,-1,3,new_U02_S4_P5,0
U02,U02_S4,U02_S4_P5,1788202588,U02_S4_P5_T2,19,20,1,3,new_U02_S4_P5,0
U02,U02_S4,U02_S4_P5,1788202648,U02_S4_P5_T3,29,29,0,3,new_U02_S4_P5,0
U03,U03_S1,U03_S1_P1,1788300040,U03_S1_P1_T1,28,28,0,2,new_U03_S1_P1,0
U03,U03_S1,U03_S1_P1,1788300117,U03_S1_P1_T2,13,13,0,2,new_U03_S1_P1,0
U03,U03_S1,U03_S1_P2,1788300199,U03_S1_P2_T1,25,23,-2,2,new_U03_S1_P2,0
U03,U03_S1,U03_S1_P2,1788300255,U03_S1_P2_T2,12,10,-2,2,new_U03_S1_P2,0
U03,U03_S1,U03_S1_P3,1788300294,U03_S1_P3_T1,27,25,-2,3,repeated_sequence,1
U03,U03_S1,U03_S1_P3,1788300321,U03_S1_P3_T2,11,11,0,3,repeated_sequence,1
U03,U03_S1,U03_S1_P3,1788300390,U03_S1_P3_T3,29,29,0,3,repeated_sequence,1
U03,U03_S1,U03_S1_P4,1788300458,U03_S1_P4_T1,20,22,2,2,new_U03_S1_P4,0
U03,U03_S1,U03_S1_P4,1788300531,U03_S1_P4_T2,22,22,0,2,new_U03_S1_P4,0
U03,U03_S1,U03_S1_P5,1788300579,U03_S1_P5_T1,20,18,-2,3,new_U03_S1_P5,0
U03,U03_S1,U03_S1_P5,1788300650,U03_S1_P5_T2,28,26,-2,3,new_U03_S1_P5,0
U03,U03_S1,U03_S1_P5,1788300686,U03_S1_P5_T3,24,27,3,3,new_U03_S1_P5,0
U03,U03_S2,U03_S2_P1,1788300760,U03_S2_P1_T1,9,9,0,2,repeated_sequence,1
U03,U03_S2,U03_S2_P1,1788300803,U03_S2_P1_T2,6,4,-2,2,repeated_sequence,1
U03,U03_S2,U03_S2_P2,1788300858,U03_S2_P2_T1,29,29,0,3,new_U03_S2_P2,0
U03,U03_S2,U03_S2_P2,1788300931,U03_S2_P2_T2,13,13,0,3,new_U03_S2_P2,0
U03,U03_S2,U03_S2_P2,1788301011,U03_S2_P2_T3,5,5,0,3,new_U03_S2_P2,0
U03,U03_S2,U03_S2_P3,1788301039,U03_S2_P3_T1,29,29,0,4,repeated_sequence,1
U03,U03_S2,U03_S2_P3,1788301064,U03_S2_P3_T2,29,27,-2,4,repeated_sequence,1
U03,U03_S2,U03_S2_P3,1788301086,U03_S2_P3_T3,24,27,3,4,repeated_sequence,1
U03,U03_S2,U03_S2_P3,1788301133,U03_S2_P3_T4,19,19,0,4,repeated_sequence,1
U03,U03_S2,U03_S2_P4,1788301174,U03_S2_P4_T1,24,24,0,3,new_U03_S2_P4,0
U03,U03_S2,U03_S2_P4,1788301208,U03_S2_P4_T2,29,29,0,3,new_U03_S2_P4,0
U03,U03_S2,U03_S2_P4,1788301267,U03_S2_P4_T3,8,8,0,3,new_U03_S2_P4,0
U03,U03_S2,U03_S2_P5,1788301335,U03_S2_P5_T1,17,17,0,3,new_U03_S2_P5,0
U03,U03_S2,U03_S2_P5,1788301380,U03_S2_P5_T2,7,7,0,3,new_U03_S2_P5,0
U03,U03_S2,U03_S2_P5,1788301431,U03_S2_P5_T3,8,8,0,3,new_U03_S2_P5,0
U03,U03_S3,U03_S3_P1,1788301466,U03_S3_P1_T1,30,30,0,2,new_U03_S3_P1,0
U03,U03_S3,U03_S3_P1,1788301491,U03_S3_P1_T2,16,18,2,2,new_U03_S3_P1,0
U03,U03_S3,U03_S3_P2,1788301564,U03_S3_P2_T1,20,23,3,2,repeated_sequence,1
U03,U03_S3,U03_S3_P2,1788301603,U03_S3_P2_T2,18,20,2,2,repeated_sequence,1
U03,U03_S3,U03_S3_P3,1788301684,U03_S3_P3_T1,19,20,1,1,new_U03_S3_P3,0
U03,U03_S3,U03_S3_P4,1788301715,U03_S3_P4_T1,13,13,0,2,new_U03_S3_P4,0
U03,U03_S3,U03_S3_P4,1788301766,U03_S3_P4_T2,29,32,3,2,new_U03_S3_P4,0
U03,U03_S3,U03_S3_P5,1788301809,U03_S3_P5_T1,20,22,2,2,new_U03_S3_P5,0
U03,U03_S3,U03_S3_P5,1788301872,U03_S3_P5_T2,13,13,0,2,new_U03_S3_P5,0
U03,U03_S4,U03_S4_P1,1788301916,U03_S4_P1_T1,7,5,-2,2,repeated_sequence,1
U03,U03_S4,U03_S4_P1,1788301966,U03_S4_P1_T2,27,25,-2,2,repeated_sequence,1
U03,U03_S4,U03_S4_P2,1788302037,U03_S4_P2_T1,27,29,2,1,new_U03_S4_P2,0
U03,U03_S4,U03_S4_P3,1788302127,U03_S4_P3_T1,15,13,-2,1,new_U03_S4_P3,0
U03,U03_S4,U03_S4_P4,1788302187,U03_S4_P4_T1,8,8,0,2,new_U03_S4_P4,0
U03,U03_S4,U03_S4_P4,1788302230,U03_S4_P4_T2,11,12,1,2,new_U03_S4_P4,0
U03,U03_S4,U03_S4_P5,1788302286,U03_S4_P5_T1,8,8,0,2,new_U03_S4_P5,0
U03,U03_S4,U03_S4_P5,1788302343,U03_S4_P5_T2,12,10,-2,2,new_U03_S4_P5,0
U04,U04_S1,U04_S1_P1,1788400082,U04_S1_P1_T1,8,8,0,3,new_U04_S1_P1,0
U04,U04_S1,U04_S1_P1,1788400138,U04_S1_P1_T2,20,20,0,3,new_U04_S1_P1,0
U04,U04_S1,U04_S1_P1,1788400201,U04_S1_P1_T3,10,10,0,3,new_U04_S1_P1,0
U04,U04_S1,U04_S1_P2,1788400229,U04_S1_P2_T1,17,17,0,2,repeated_sequence,1
U04,U04_S1,U04_S1_P2,1788400255,U04_S1_P2_T2,9,12,3,2,repeated_sequence,1
U04,U04_S1,U04_S1_P3,1788400328,U04_S1_P3_T1,24,24,0,1,repeated_sequence,1
U04,U04_S1,U04_S1_P4,1788400414,U04_S1_P4_T1,17,17,0,4,new_U04_S1_P4,0
U04,U04_S1,U04_S1_P4,1788400490,U04_S1_P4_T2,14,14,0,4,new_U04_S1_P4,0
U04,U04_S1,U04_S1_P4,1788400564,U04_S1_P4_T3,14,14,0,4,new_U04_S1_P4,0
U04,U04_S1,U04_S1_P4,1788400591,U04_S1_P4_T4,24,24,0,4,new_U04_S1_P4,0
U04,U04_S1,U04_S1_P5,1788400644,U04_S1_P5_T1,26,24,-2,3,new_U04_S1_P5,0
U04,U04_S1,U04_S1_P5,1788400734,U04_S1_P5_T2,7,6,-1,3,new_U04_S1_P5,0
U04,U04_S1,U04_S1_P5,1788400758,U04_S1_P5_T3,12,10,-2,3,new_U04_S1_P5,0
U04,U04_S2,U04_S2_P1,1788400811,U04_S2_P1_T1,30,30,0,2,repeated_sequence,1
U04,U04_S2,U04_S2_P1,1788400856,U04_S2_P1_T2,18,16,-2,2,repeated_sequence,1
U04,U04_S2,U04_S2_P2,1788400883,U04_S2_P2_T1,10,10,0,2,repeated_sequence,1
U04,U04_S2,U04_S2_P2,1788400939,U04_S2_P2_T2,19,21,2,2,repeated_sequence,1
U04,U04_S2,U04_S2_P3,1788401022,U04_S2_P3_T1,19,18,-1,1,new_U04_S2_P3,0
U04,U04_S2,U04_S2_P4,1788401053,U04_S2_P4_T1,12,12,0,1,new_U04_S2_P4,0
U04,U04_S2,U04_S2_P5,1788401075,U04_S2_P5_T1,29,29,0,2,new_U04_S2_P5,0
U04,U04_S2,U04_S2_P5,1788401129,U04_S2_P5_T2,23,25,2,2,new_U04_S2_P5,0
U04,U04_S3,U04_S3_P1,1788401172,U04_S3_P1_T1,23,23,0,1,new_U04_S3_P1,0
U04,U04_S3,U04_S3_P2,1788401244,U04_S3_P2_T1,15,14,-1,2,new_U04_S3_P2,0
U04,U04_S3,U04_S3_P2,1788401284,U04_S3_P2_T2,15,15,0,2,new_U04_S3_P2,0
U04,U04_S3,U04_S3_P3,1788401374,U04_S3_P3_T1,6,6,0,1,new_U04_S3_P3,0
U04,U04_S3,U04_S3_P4,1788401435,U04_S3_P4_T1,8,8,0,2,new_U04_S3_P4,0
U04,U04_S3,U04_S3_P4,1788401506,U04_S3_P4_T2,21,21,0,2,new_U04_S3_P4,0
U04,U04_S3,U04_S3_P5,1788401532,U04_S3_P5_T1,11,11,0,3,new_U04_S3_P5,0
U04,U04_S3,U04_S3_P5,1788401615,U04_S3_P5_T2,25,25,0,3,new_U04_S3_P5,0
U04,U04_S3,U04_S3_P5,1788401641,U04_S3_P5_T3,11,9,-2,3,new_U04_S3_P5,0
U04,U04_S4,U04_S4_P1,1788401664,U04_S4_P1_T1,25,25,0,1,new_U04_S4_P1,0
U04,U04_S4,U04_S4_P2,1788401704,U04_S4_P2_T1,14,14,0,3,repeated_sequence,1
U04,U04_S4,U04_S4_P2,1788401794,U04_S4_P2_T2,18,15,-3,3,repeated_sequence,1
U04,U04_S4,U04_S4_P2,1788401829,U04_S4_P2_T3,25,25,0,3,repeated_sequence,1
U04,U04_S4,U04_S4_P3,1788401886,U04_S4_P3_T1,21,21,0,1,new_U04_S4_P3,0
U04,U04_S4,U04_S4_P4,1788401964,U04_S4_P4_T1,22,20,-2,1,new_U04_S4_P4,0
U04,U04_S4,U04_S4_P5,1788401992,U04_S4_P5_T1,13,13,0,1,repeated_sequence,1
U05,U05_S1,U05_S1_P1,1788500058,U05_S1_P1_T1,23,23,0,2,repeated_sequence,1
U05,U05_S1,U05_S1_P1,1788500140,U05_S1_P1_T2,9,11,2,2,repeated_sequence,1
U05,U05_S1,U05_S1_P2,1788500201,U05_S1_P2_T1,11,11,0,2,new_U05_S1_P2,0
U05,U05_S1,U05_S1_P2,1788500251,U05_S1_P2_T2,23,20,-3,2,new_U05_S1_P2,0
U05,U05_S1,U05_S1_P3,1788500319,U05_S1_P3_T1,17,17,0,2,new_U05_S1_P3,0
U05,U05_S1,U05_S1_P3,1788500358,U05_S1_P3_T2,20,20,0,2,new_U05_S1_P3,0
U05,U05_S1,U05_S1_P4,1788500390,U05_S1_P4_T1,19,22,3,4,new_U05_S1_P4,0
U05,U05_S1,U05_S1_P4,1788500411,U05_S1_P4_T2,28,25,-3,4,new_U05_S1_P4,0
U05,U05_S1,U05_S1_P4,1788500464,U05_S1_P4_T3,15,15,0,4,new_U05_S1_P4,0
U05,U05_S1,U05_S1_P4,1788500534,U05_S1_P4_T4,25,24,-1,4,new_U05_S1_P4,0
U05,U05_S1,U05_S1_P5,1788500616,U05_S1_P5_T1,22,20,-2,2,new_U05_S1_P5,0
U05,U05_S1,U05_S1_P5,1788500672,U05_S1_P5_T2,12,12,0,2,new_U05_S1_P5,0
U05,U05_S2,U05_S2_P1,1788500704,U05_S2_P1_T1,19,17,-2,2,new_U05_S2_P1,0
U05,U05_S2,U05_S2_P1,1788500727,U05_S2_P1_T2,6,3,-3,2,new_U05_S2_P1,0
U05,U05_S2,U05_S2_P2,1788500799,U05_S2_P2_T1,23,23,0,3,new_U05_S2_P2,0
U05,U05_S2,U05_S2_P2,1788500842,U05_S2_P2_T2,10,12,2,3,new_U05_S2_P2,0
U05,U05_S2,U05_S2_P2,1788500925,U05_S2_P2_T3,23,21,-2,3,new_U05_S2_P2,0
U05,U05_S2,U05_S2_P3,1788501004,U05_S2_P3_T1,14,14,0,2,repeated_sequence,1
U05,U05_S2,U05_S2_P3,1788501044,U05_S2_P3_T2,7,4,-3,2,repeated_sequence,1
U05,U05_S2,U05_S2_P4,1788501096,U05_S2_P4_T1,19,19,0,1,new_U05_S2_P4,0
U05,U05_S2,U05_S2_P5,1788501165,U05_S2_P5_T1,20,18,-2,2,new_U05_S2_P5,0
U05,U05_S2,U05_S2_P5,1788501222,U05_S2_P5_T2,5,5,0,2,new_U05_S2_P5,0
U05,U05_S3,U05_S3_P1,1788501277,U05_S3_P1_T1,5,5,0,3,new_U05_S3_P1,0
U05,U05_S3,U05_S3_P1,1788501303,U05_S3_P1_T2,24,24,0,3,new_U05_S3_P1,0
U05,U05_S3,U05_S3_P1,1788501359,U05_S3_P1_T3,29,29,0,3,new_U05_S3_P1,0
U05,U05_S3,U05_S3_P2,1788501411,U05_S3_P2_T1,26,26,0,2,new_U05_S3_P2,0
U05,U05_S3,U05_S3_P2,1788501448,U05_S3_P2_T2,25,27,2,2,new_U05_S3_P2,0
U05,U05_S3,U05_S3_P3,1788501514,U05_S3_P3_T1,28,31,3,4,repeated_sequence,1
U05,U05_S3,U05_S3_P3,1788501575,U05_S3_P3_T2,28,31,3,4,repeated_sequence,1
U05,U05_S3,U05_S3_P3,1788501641,U05_S3_P3_T3,21,21,0,4,repeated_sequence,1
U05,U05_S3,U05_S3_P3,1788501695,U05_S3_P3_T4,10,13,3,4,repeated_sequence,1
U05,U05_S3,U05_S3_P4,1788501758,U05_S3_P4_T1,30,32,2,1,new_U05_S3_P4,0
U05,U05_S3,U05_S3_P5,1788501828,U05_S3_P5_T1,30,30,0,4,new_U05_S3_P5,0
U05,U05_S3,U05_S3_P5,1788501859,U05_S3_P5_T2,30,27,-3,4,new_U05_S3_P5,0
U05,U05_S3,U05_S3_P5,1788501894,U05_S3_P5_T3,19,17,-2,4,new_U05_S3_P5,0
U05,U05_S3,U05_S3_P5,1788501961,U05_S3_P5_T4,8,8,0,4,new_U05_S3_P5,0
U05,U05_S4,U05_S4_P1,1788502022,U05_S4_P1_T1,24,27,3,2,new_U05_S4_P1,0
U05,U05_S4,U05_S4_P1,1788502080,U05_S4_P1_T2,25,22,-3,2,new_U05_S4_P1,0
U05,U05_S4,U05_S4_P2,1788502112,U05_S4_P2_T1,12,12,0,3,new_U05_S4_P2,0
U05,U05_S4,U05_S4_P2,1788502149,U05_S4_P2_T2,17,19,2,3,new_U05_S4_P2,0
U05,U05_S4,U05_S4_P2,1788502238,U05_S4_P2_T3,18,18,0,3,new_U05_S4_P2,0
U05,U05_S4,U05_S4_P3,1788502320,U05_S4_P3_T1,24,25,1,2,new_U05_S4_P3,0
U05,U05_S4,U05_S4_P3,1788502344,U05_S4_P3_T2,27,28,1,2,new_U05_S4_P3,0
U05,U05_S4,U05_S4_P4,1788502411,U05_S4_P4_T1,22,22,0,3,repeated_sequence,1
U05,U05_S4,U05_S4_P4,1788502476,U05_S4_P4_T2,6,8,2,3,repeated_sequence,1
U05,U05_S4,U05_S4_P4,1788502554,U05_S4_P4_T3,7,7,0,3,repeated_sequence,1
U05,U05_S4,U05_S4_P5,1788502576,U05_S4_P5_T1,6,6,0,3,new_U05_S4_P5,0
U05,U05_S4,U05_S4_P5,1788502627,U05_S4_P5_T2,9,9,0,3,new_U05_S4_P5,0
U05,U05_S4,U05_S4_P5,1788502673,U05_S4_P5_T3,7,7,0,3,new_U05_S4_P5,0
U06,U06_S1,U06_S1_P1,1788600055,U06_S1_P1_T1,9,9,0,2,new_U06_S1_P1,0
U06,U06_S1,U06_S1_P1,1788600144,U06_S1_P1_T2,13,13,0,2,new_U06_S1_P1,0
U06,U06_S1,U06_S1_P2,1788600167,U06_S1_P2_T1,9,7,-2,1,repeated_sequence,1
U06,U06_S1,U06_S1_P3,1788600193,U06_S1_P3_T1,9,9,0,1,new_U06_S1_P3,0
U06,U06_S1,U06_S1_P4,1788600259,U06_S1_P4_T1,21,21,0,1,new_U06_S1_P4,0
U06,U06_S1,U06_S1_P5,1788600307,U06_S1_P5_T1,24,27,3,2,new_U06_S1_P5,0
U06,U06_S1,U06_S1_P5,1788600385,U06_S1_P5_T2,25,25,0,2,new_U06_S1_P5,0
U06,U06_S2,U06_S2_P1,1788600466,U06_S2_P1_T1,17,14,-3,1,repeated_sequence,1
U06,U06_S2,U06_S2_P2,1788600527,U06_S2_P2_T1,24,27,3,3,new_U06_S2_P2,0
U06,U06_S2,U06_S2_P2,1788600588,U06_S2_P2_T2,17,17,0,3,new_U06_S2_P2,0
U06,U06_S2,U06_S2_P2,1788600675,U06_S2_P2_T3,14,17,3,3,new_U06_S2_P2,0
U06,U06_S2,U06_S2_P3,1788600765,U06_S2_P3_T1,28,28,0,3,new_U06_S2_P3,0
U06,U06_S2,U06_S2_P3,1788600840,U06_S2_P3_T2,19,19,0,3,new_U06_S2_P3,0
U06,U06_S2,U06_S2_P3,1788600912,U06_S2_P3_T3,15,15,0,3,new_U06_S2_P3,0
U06,U06_S2,U06_S2_P4,1788600944,U06_S2_P4_T1,15,13,-2,3,new_U06_S2_P4,0
U06,U06_S2,U06_S2_P4,1788601024,U06_S2_P4_T2,7,5,-2,3,new_U06_S2_P4,0
U06,U06_S2,U06_S2_P4,1788601099,U06_S2_P4_T3,8,8,0,3,new_U06_S2_P4,0
U06,U06_S2,U06_S2_P5,1788601161,U06_S2_P5_T1,26,23,-3,2,repeated_sequence,1
U06,U06_S2,U06_S2_P5,1788601235,U06_S2_P5_T2,28,26,-2,2,repeated_sequence,1
U06,U06_S3,U06_S3_P1,1788601274,U06_S3_P1_T1,26,29,3,3,new_U06_S3_P1,0
U06,U06_S3,U06_S3_P1,1788601308,U06_S3_P1_T2,29,27,-2,3,new_U06_S3_P1,0
U06,U06_S3,U06_S3_P1,1788601382,U06_S3_P1_T3,22,22,0,3,new_U06_S3_P1,0
U06,U06_S3,U06_S3_P2,1788601405,U06_S3_P2_T1,24,24,0,3,new_U06_S3_P2,0
U06,U06_S3,U06_S3_P2,1788601459,U06_S3_P2_T2,5,7,2,3,new_U06_S3_P2,0
U06,U06_S3,U06_S3_P2,1788601518,U06_S3_P2_T3,15,17,2,3,new_U06_S3_P2,0
U06,U06_S3,U06_S3_P3,1788601541,U06_S3_P3_T1,7,7,0,2,repeated_sequence,1
U06,U06_S3,U06_S3_P3,1788601588,U06_S3_P3_T2,17,19,2,2,repeated_sequence,1
U06,U06_S3,U06_S3_P4,1788601618,U06_S3_P4_T1,6,4,-2,3,new_U06_S3_P4,0
U06,U06_S3,U06_S3_P4,1788601694,U06_S3_P4_T2,26,28,2,3,new_U06_S3_P4,0
U06,U06_S3,U06_S3_P4,1788601767,U06_S3_P4_T3,13,11,-2,3,new_U06_S3_P4,0
U06,U06_S3,U06_S3_P5,1788601849,U06_S3_P5_T1,21,21,0,2,new_U06_S3_P5,0
U06,U06_S3,U06_S3_P5,1788601874,U06_S3_P5_T2,12,10,-2,2,new_U06_S3_P5,0
U06,U06_S4,U06_S4_P1,1788601911,U06_S4_P1_T1,29,31,2,2,new_U06_S4_P1,0
U06,U06_S4,U06_S4_P1,1788601953,U06_S4_P1_T2,9,11,2,2,new_U06_S4_P1,0
U06,U06_S4,U06_S4_P2,1788601982,U06_S4_P2_T1,17,17,0,1,new_U06_S4_P2,0
U06,U06_S4,U06_S4_P3,1788602004,U06_S4_P3_T1,19,19,0,2,repeated_sequence,1
U06,U06_S4,U06_S4_P3,1788602064,U06_S4_P3_T2,23,21,-2,2,repeated_sequence,1
U06,U06_S4,U06_S4_P4,1788602125,U06_S4_P4_T1,10,10,0,3,new_U06_S4_P4,0
U06,U06_S4,U06_S4_P4,1788602203,U06_S4_P4_T2,27,27,0,3,new_U06_S4_P4,0
U06,U06_S4,U06_S4_P4,1788602234,U06_S4_P4_T3,18,18,0,3,new_U06_S4_P4,0
U06,U06_S4,U06_S4_P5,1788602304,U06_S4_P5_T1,14,14,0,2,new_U06_S4_P5,0
U06,U06_S4,U06_S4_P5,1788602352,U06_S4_P5_T2,15,15,0,2,new_U06_S4_P5,0
U07,U07_S1,U07_S1_P1,1788700064,U07_S1_P1_T1,28,28,0,3,new_U07_S1_P1,0
U07,U07_S1,U07_S1_P1,1788700102,U07_S1_P1_T2,12,10,-2,3,new_U07_S1_P1,0
U07,U07_S1,U07_S1_P1,1788700131,U07_S1_P1_T3,10,10,0,3,new_U07_S1_P1,0
U07,U07_S1,U07_S1_P2,1788700210,U07_S1_P2_T1,29,29,0,2,new_U07_S1_P2,0
U07,U07_S1,U07_S1_P2,1788700287,U07_S1_P2_T2,26,26,0,2,new_U07_S1_P2,0
U07,U07_S1,U07_S1_P3,1788700347,U07_S1_P3_T1,9,7,-2,1,new_U07_S1_P3,0
U07,U07_S1,U07_S1_P4,1788700412,U07_S1_P4_T1,21,20,-1,1,new_U07_S1_P4,0
U07,U07_S1,U07_S1_P5,1788700443,U07_S1_P5_T1,24,24,0,2,new_U07_S1_P5,0
U07,U07_S1,U07_S1_P5,1788700512,U07_S1_P5_T2,19,19,0,2,new_U07_S1_P5,0
U07,U07_S2,U07_S2_P1,1788700537,U07_S2_P1_T1,19,19,0,2,new_U07_S2_P1,0
U07,U07_S2,U07_S2_P1,1788700581,U07_S2_P1_T2,15,15,0,2,new_U07_S2_P1,0
U07,U07_S2,U07_S2_P2,1788700644,U07_S2_P2_T1,27,29,2,1,new_U07_S2_P2,0
U07,U07_S2,U07_S2_P3,1788700731,U07_S2_P3_T1,21,21,0,3,new_U07_S2_P3,0
U07,U07_S2,U07_S2_P3,1788700797,U07_S2_P3_T2,16,16,0,3,new_U07_S2_P3,0
U07,U07_S2,U07_S2_P3,1788700866,U07_S2_P3_T3,18,18,0,3,new_U07_S2_P3,0
U07,U07_S2,U07_S2_P4,1788700892,U07_S2_P4_T1,30,30,0,2,new_U07_S2_P4,0
U07,U07_S2,U07_S2_P4,1788700954,U07_S2_P4_T2,7,5,-2,2,new_U07_S2_P4,0
U07,U07_S2,U07_S2_P5,1788700993,U07_S2_P5_T1,15,14,-1,1,new_U07_S2_P5,0
U07,U07_S3,U07_S3_P1,1788701063,U07_S3_P1_T1,9,9,0,1,new_U07_S3_P1,0
U07,U07_S3,U07_S3_P2,1788701125,U07_S3_P2_T1,9,9,0,2,new_U07_S3_P2,0
U07,U07_S3,U07_S3_P2,1788701212,U07_S3_P2_T2,7,7,0,2,new_U07_S3_P2,0
U07,U07_S3,U07_S3_P3,1788701278,U07_S3_P3_T1,5,7,2,1,new_U07_S3_P3,0
U07,U07_S3,U07_S3_P4,1788701326,U07_S3_P4_T1,9,11,2,2,new_U07_S3_P4,0
U07,U07_S3,U07_S3_P4,1788701415,U07_S3_P4_T2,28,28,0,2,new_U07_S3_P4,0
U07,U07_S3,U07_S3_P5,1788701478,U07_S3_P5_T1,29,29,0,3,repeated_sequence,1
U07,U07_S3,U07_S3_P5,1788701546,U07_S3_P5_T2,9,11,2,3,repeated_sequence,1
U07,U07_S3,U07_S3_P5,1788701587,U07_S3_P5_T3,28,27,-1,3,repeated_sequence,1
U07,U07_S4,U07_S4_P1,1788701643,U07_S4_P1_T1,29,29,0,1,new_U07_S4_P1,0
U07,U07_S4,U07_S4_P2,1788701731,U07_S4_P2_T1,12,14,2,1,new_U07_S4_P2,0
U07,U07_S4,U07_S4_P3,1788701807,U07_S4_P3_T1,19,19,0,1,new_U07_S4_P3,0
U07,U07_S4,U07_S4_P4,1788701847,U07_S4_P4_T1,11,11,0,2,new_U07_S4_P4,0
U07,U07_S4,U07_S4_P4,1788701884,U07_S4_P4_T2,13,12,-1,2,new_U07_S4_P4,0
U07,U07_S4,U07_S4_P5,1788701970,U07_S4_P5_T1,8,11,3,1,new_U07_S4_P5,0
U08,U08_S1,U08_S1_P1,1788800064,U08_S1_P1_T1,5,3,-2,2,new_U08_S1_P1,0
U08,U08_S1,U08_S1_P1,1788800131,U08_S1_P1_T2,12,10,-2,2,new_U08_S1_P1,0
U08,U08_S1,U08_S1_P2,1788800193,U08_S1_P2_T1,30,27,-3,2,repeated_sequence,1
U08,U08_S1,U08_S1_P2,1788800230,U08_S1_P2_T2,29,29,0,2,repeated_sequence,1
U08,U08_S1,U08_S1_P3,1788800250,U08_S1_P3_T1,7,9,2,2,new_U08_S1_P3,0
U08,U08_S1,U08_S1_P3,1788800337,U08_S1_P3_T2,18,16,-2,2,new_U08_S1_P3,0
U08,U08_S1,U08_S1_P4,1788800415,U08_S1_P4_T1,7,9,2,2,new_U08_S1_P4,0
U08,U08_S1,U08_S1_P4,1788800503,U08_S1_P4_T2,5,5,0,2,new_U08_S1_P4,0
U08,U08_S1,U08_S1_P5,1788800523,U08_S1_P5_T1,24,25,1,1,new_U08_S1_P5,0
U08,U08_S2,U08_S2_P1,1788800589,U08_S2_P1_T1,7,7,0,2,new_U08_S2_P1,0
U08,U08_S2,U08_S2_P1,1788800678,U08_S2_P1_T2,21,21,0,2,new_U08_S2_P1,0
U08,U08_S2,U08_S2_P2,1788800700,U08_S2_P2_T1,17,17,0,3,new_U08_S2_P2,0
U08,U08_S2,U08_S2_P2,1788800725,U08_S2_P2_T2,25,24,-1,3,new_U08_S2_P2,0
U08,U08_S2,U08_S2_P2,1788800753,U08_S2_P2_T3,16,18,2,3,new_U08_S2_P2,0
U08,U08_S2,U08_S2_P3,1788800790,U08_S2_P3_T1,6,4,-2,3,new_U08_S2_P3,0
U08,U08_S2,U08_S2_P3,1788800832,U08_S2_P3_T2,29,29,0,3,new_U08_S2_P3,0
U08,U08_S2,U08_S2_P3,1788800913,U08_S2_P3_T3,25,27,2,3,new_U08_S2_P3,0
U08,U08_S2,U08_S2_P4,1788800958,U08_S2_P4_T1,6,6,0,3,repeated_sequence,1
U08,U08_S2,U08_S2_P4,1788800983,U08_S2_P4_T2,15,15,0,3,repeated_sequence,1
U08,U08_S2,U08_S2_P4,1788801068,U08_S2_P4_T3,17,17,0,3,repeated_sequence,1
U08,U08_S2,U08_S2_P5,1788801112,U08_S2_P5_T1,14,16,2,1,new_U08_S2_P5,0
U08,U08_S3,U08_S3_P1,1788801179,U08_S3_P1_T1,18,18,0,2,repeated_sequence,1
U08,U08_S3,U08_S3_P1,1788801255,U08_S3_P1_T2,17,16,-1,2,repeated_sequence,1
U08,U08_S3,U08_S3_P2,1788801309,U08_S3_P2_T1,30,29,-1,2,new_U08_S3_P2,0
U08,U08_S3,U08_S3_P2,1788801384,U08_S3_P2_T2,24,24,0,2,new_U08_S3_P2,0
U08,U08_S3,U08_S3_P3,1788801445,U08_S3_P3_T1,26,24,-2,2,repeated_sequence,1
U08,U08_S3,U08_S3_P3,1788801519,U08_S3_P3_T2,10,10,0,2,repeated_sequence,1
U08,U08_S3,U08_S3_P4,1788801584,U08_S3_P4_T1,24,24,0,2,new_U08_S3_P4,0
U08,U08_S3,U08_S3_P4,1788801639,U08_S3_P4_T2,25,25,0,2,new_U08_S3_P4,0
U08,U08_S3,U08_S3_P5,1788801668,U08_S3_P5_T1,26,26,0,2,new_U08_S3_P5,0
U08,U08_S3,U08_S3_P5,1788801734,U08_S3_P5_T2,21,21,0,2,new_U08_S3_P5,0
U08,U08_S4,U08_S4_P1,1788801810,U08_S4_P1_T1,6,5,-1,1,repeated_sequence,1
U08,U08_S4,U08_S4_P2,1788801834,U08_S4_P2_T1,24,23,-1,1,new_U08_S4_P2,0
U08,U08_S4,U08_S4_P3,1788801871,U08_S4_P3_T1,21,19,-2,1,repeated_sequence,1
U08,U08_S4,U08_S4_P4,1788801914,U08_S4_P4_T1,20,23,3,1,repeated_sequence,1
U08,U08_S4,U08_S4_P5,1788801961,U08_S4_P5_T1,24,26,2,3,new_U08_S4_P5,0
U08,U08_S4,U08_S4_P5,1788802043,U08_S4_P5_T2,11,13,2,3,new_U08_S4_P5,0
U08,U08_S4,U08_S4_P5,1788802119,U08_S4_P5_T3,7,7,0,3,new_U08_S4_P5,0
U09,U09_S1,U09_S1_P1,1788900057,U09_S1_P1_T1,14,14,0,2,new_U09_S1_P1,0
U09,U09_S1,U09_S1_P1,1788900099,U09_S1_P1_T2,30,32,2,2,new_U09_S1_P1,0
U09,U09_S1,U09_S1_P2,1788900182,U09_S1_P2_T1,5,7,2,5,new_U09_S1_P2,0
U09,U09_S1,U09_S1_P2,1788900218,U09_S1_P2_T2,24,24,0,5,new_U09_S1_P2,0
U09,U09_S1,U09_S1_P2,1788900246,U09_S1_P2_T3,14,16,2,5,new_U09_S1_P2,0
U09,U09_S1,U09_S1_P2,1788900327,U09_S1_P2_T4,21,19,-2,5,new_U09_S1_P2,0
U09,U09_S1,U09_S1_P2,1788900387,U09_S1_P2_T5,25,22,-3,5,new_U09_S1_P2,0
U09,U09_S1,U09_S1_P3,1788900477,U09_S1_P3_T1,25,27,2,2,new_U09_S1_P3,0
U09,U09_S1,U09_S1_P3,1788900513,U09_S1_P3_T2,18,21,3,2,new_U09_S1_P3,0
U09,U09_S1,U09_S1_P4,1788900553,U09_S1_P4_T1,15,15,0,1,new_U09_S1_P4,0
U09,U09_S1,U09_S1_P5,1788900609,U09_S1_P5_T1,7,10,3,3,new_U09_S1_P5,0
U09,U09_S1,U09_S1_P5,1788900699,U09_S1_P5_T2,13,15,2,3,new_U09_S1_P5,0
U09,U09_S1,U09_S1_P5,1788900740,U09_S1_P5_T3,23,23,0,3,new_U09_S1_P5,0
U09,U09_S2,U09_S2_P1,1788900803,U09_S2_P1_T1,23,25,2,3,repeated_sequence,1
U09,U09_S2,U09_S2_P1,1788900856,U09_S2_P1_T2,25,27,2,3,repeated_sequence,1
U09,U09_S2,U09_S2_P1,1788900879,U09_S2_P1_T3,20,20,0,3,repeated_sequence,1
U09,U09_S2,U09_S2_P2,1788900930,U09_S2_P2_T1,30,30,0,1,new_U09_S2_P2,0
U09,U09_S2,U09_S2_P3,1788901008,U09_S2_P3_T1,7,7,0,2,new_U09_S2_P3,0
U09,U09_S2,U09_S2_P3,1788901048,U09_S2_P3_T2,19,17,-2,2,new_U09_S2_P3,0
U09,U09_S2,U09_S2_P4,1788901108,U09_S2_P4_T1,28,28,0,3,new_U09_S2_P4,0
U09,U09_S2,U09_S2_P4,1788901172,U09_S2_P4_T2,17,15,-2,3,new_U09_S2_P4,0
U09,U09_S2,U09_S2_P4,1788901251,U09_S2_P4_T3,8,5,-3,3,new_U09_S2_P4,0
U09,U09_S2,U09_S2_P5,1788901324,U09_S2_P5_T1,12,12,0,3,new_U09_S2_P5,0
U09,U09_S2,U09_S2_P5,1788901364,U09_S2_P5_T2,15,15,0,3,new_U09_S2_P5,0
U09,U09_S2,U09_S2_P5,1788901424,U09_S2_P5_T3,11,11,0,3,new_U09_S2_P5,0
U09,U09_S3,U09_S3_P1,1788901509,U09_S3_P1_T1,19,21,2,3,new_U09_S3_P1,0
U09,U09_S3,U09_S3_P1,1788901593,U09_S3_P1_T2,19,19,0,3,new_U09_S3_P1,0
U09,U09_S3,U09_S3_P1,1788901640,U09_S3_P1_T3,23,21,-2,3,new_U09_S3_P1,0
U09,U09_S3,U09_S3_P2,1788901720,U09_S3_P2_T1,14,16,2,1,new_U09_S3_P2,0
U09,U09_S3,U09_S3_P3,1788901791,U09_S3_P3_T1,16,13,-3,1,new_U09_S3_P3,0
U09,U09_S3,U09_S3_P4,1788901860,U09_S3_P4_T1,21,23,2,2,new_U09_S3_P4,0
U09,U09_S3,U09_S3_P4,1788901895,U09_S3_P4_T2,9,9,0,2,new_U09_S3_P4,0
U09,U09_S3,U09_S3_P5,1788901961,U09_S3_P5_T1,29,32,3,1,new_U09_S3_P5,0
U09,U09_S4,U09_S4_P1,1788902023,U09_S4_P1_T1,30,28,-2,2,repeated_sequence,1
U09,U09_S4,U09_S4_P1,1788902108,U09_S4_P1_T2,9,11,2,2,repeated_sequence,1
U09,U09_S4,U09_S4_P2,1788902166,U09_S4_P2_T1,23,25,2,2,new_U09_S4_P2,0
U09,U09_S4,U09_S4_P2,1788902224,U09_S4_P2_T2,20,20,0,2,new_U09_S4_P2,0
U09,U09_S4,U09_S4_P3,1788902258,U09_S4_P3_T1,18,20,2,2,new_U09_S4_P3,0
U09,U09_S4,U09_S4_P3,1788902281,U09_S4_P3_T2,24,25,1,2,new_U09_S4_P3,0
U09,U09_S4,U09_S4_P4,1788902307,U09_S4_P4_T1,23,24,1,3,new_U09_S4_P4,0
U09,U09_S4,U09_S4_P4,1788902375,U09_S4_P4_T2,9,9,0,3,new_U09_S4_P4,0
U09,U09_S4,U09_S4_P4,1788902426,U09_S4_P4_T3,6,4,-2,3,new_U09_S4_P4,0
U09,U09_S4,U09_S4_P5,1788902498,U09_S4_P5_T1,27,26,-1,2,new_U09_S4_P5,0
U09,U09_S4,U09_S4_P5,1788902525,U09_S4_P5_T2,27,25,-2,2,new_U09_S4_P5,0
U10,U10_S1,U10_S1_P1,1789000065,U10_S1_P1_T1,26,26,0,3,new_U10_S1_P1,0
U10,U10_S1,U10_S1_P1,1789000118,U10_S1_P1_T2,24,27,3,3,new_U10_S1_P1,0
U10,U10_S1,U10_S1_P1,1789000173,U10_S1_P1_T3,22,25,3,3,new_U10_S1_P1,0
U10,U10_S1,U10_S1_P2,1789000255,U10_S1_P2_T1,15,16,1,1,new_U10_S1_P2,0
U10,U10_S1,U10_S1_P3,1789000344,U10_S1_P3_T1,17,17,0,1,new_U10_S1_P3,0
U10,U10_S1,U10_S1_P4,1789000382,U10_S1_P4_T1,14,16,2,1,new_U10_S1_P4,0
U10,U10_S1,U10_S1_P5,1789000463,U10_S1_P5_T1,11,14,3,3,new_U10_S1_P5,0
U10,U10_S1,U10_S1_P5,1789000517,U10_S1_P5_T2,9,7,-2,3,new_U10_S1_P5,0
U10,U10_S1,U10_S1_P5,1789000604,U10_S1_P5_T3,12,12,0,3,new_U10_S1_P5,0
U10,U10_S2,U10_S2_P1,1789000676,U10_S2_P1_T1,15,15,0,1,repeated_sequence,1
U10,U10_S2,U10_S2_P2,1789000766,U10_S2_P2_T1,10,13,3,3,repeated_sequence,1
U10,U10_S2,U10_S2_P2,1789000846,U10_S2_P2_T2,20,20,0,3,repeated_sequence,1
U10,U10_S2,U10_S2_P2,1789000902,U10_S2_P2_T3,15,18,3,3,repeated_sequence,1
U10,U10_S2,U10_S2_P3,1789000926,U10_S2_P3_T1,10,7,-3,2,new_U10_S2_P3,0
U10,U10_S2,U10_S2_P3,1789000996,U10_S2_P3_T2,30,31,1,2,new_U10_S2_P3,0
U10,U10_S2,U10_S2_P4,1789001017,U10_S2_P4_T1,14,14,0,4,new_U10_S2_P4,0
U10,U10_S2,U10_S2_P4,1789001050,U10_S2_P4_T2,15,17,2,4,new_U10_S2_P4,0
U10,U10_S2,U10_S2_P4,1789001139,U10_S2_P4_T3,21,18,-3,4,new_U10_S2_P4,0
U10,U10_S2,U10_S2_P4,1789001183,U10_S2_P4_T4,30,28,-2,4,new_U10_S2_P4,0
U10,U10_S2,U10_S2_P5,1789001246,U10_S2_P5_T1,30,32,2,1,new_U10_S2_P5,0
U10,U10_S3,U10_S3_P1,1789001317,U10_S3_P1_T1,18,15,-3,2,new_U10_S3_P1,0
U10,U10_S3,U10_S3_P1,1789001349,U10_S3_P1_T2,10,10,0,2,new_U10_S3_P1,0
U10,U10_S3,U10_S3_P2,1789001418,U10_S3_P2_T1,12,10,-2,1,repeated_sequence,1
U10,U10_S3,U10_S3_P3,1789001471,U10_S3_P3_T1,25,22,-3,1,new_U10_S3_P3,0
U10,U10_S3,U10_S3_P4,1789001555,U10_S3_P4_T1,27,27,0,1,repeated_sequence,1
U10,U10_S3,U10_S3_P5,1789001612,U10_S3_P5_T1,16,16,0,1,new_U10_S3_P5,0
U10,U10_S4,U10_S4_P1,1789001679,U10_S4_P1_T1,18,18,0,2,repeated_sequence,1
U10,U10_S4,U10_S4_P1,1789001759,U10_S4_P1_T2,29,31,2,2,repeated_sequence,1
U10,U10_S4,U10_S4_P2,1789001789,U10_S4_P2_T1,21,23,2,2,new_U10_S4_P2,0
U10,U10_S4,U10_S4_P2,1789001818,U10_S4_P2_T2,23,20,-3,2,new_U10_S4_P2,0
U10,U10_S4,U10_S4_P3,1789001859,U10_S4_P3_T1,15,15,0,1,new_U10_S4_P3,0
U10,U10_S4,U10_S4_P4,1789001941,U10_S4_P4_T1,7,7,0,1,new_U10_S4_P4,0
U10,U10_S4,U10_S4_P5,1789001968,U10_S4_P5_T1,19,20,1,2,new_U10_S4_P5,0
U10,U10_S4,U10_S4_P5,1789002027,U10_S4_P5_T2,28,26,-2,2,new_U10_S4_P5,0
U11,U11_S1,U11_S1_P1,1789100028,U11_S1_P1_T1,20,19,-1,1,repeated_sequence,1
U11,U11_S1,U11_S1_P2,1789100101,U11_S1_P2_T1,16,16,0,2,new_U11_S1_P2,0
U11,U11_S1,U11_S1_P2,1789100169,U11_S1_P2_T2,19,19,0,2,new_U11_S1_P2,0
U11,U11_S1,U11_S1_P3,1789100237,U11_S1_P3_T1,7,7,0,1,new_U11_S1_P3,0
U11,U11_S1,U11_S1_P4,1789100301,U11_S1_P4_T1,8,8,0,1,new_U11_S1_P4,0
U11,U11_S1,U11_S1_P5,1789100388,U11_S1_P5_T1,9,9,0,1,new_U11_S1_P5,0
U11,U11_S2,U11_S2_P1,1789100446,U11_S2_P1_T1,19,19,0,2,repeated_sequence,1
U11,U11_S2,U11_S2_P1,1789100535,U11_S2_P1_T2,18,18,0,2,repeated_sequence,1
U11,U11_S2,U11_S2_P2,1789100586,U11_S2_P2_T1,19,19,0,2,new_U11_S2_P2,0
U11,U11_S2,U11_S2_P2,1789100641,U11_S2_P2_T2,11,11,0,2,new_U11_S2_P2,0
U11,U11_S2,U11_S2_P3,1789100714,U11_S2_P3_T1,24,24,0,1,new_U11_S2_P3,0
U11,U11_S2,U11_S2_P4,1789100736,U11_S2_P4_T1,12,12,0,1,new_U11_S2_P4,0
U11,U11_S2,U11_S2_P5,1789100762,U11_S2_P5_T1,12,12,0,2,new_U11_S2_P5,0
U11,U11_S2,U11_S2_P5,1789100833,U11_S2_P5_T2,19,19,0,2,new_U11_S2_P5,0
U11,U11_S3,U11_S3_P1,1789100860,U11_S3_P1_T1,9,9,0,2,new_U11_S3_P1,0
U11,U11_S3,U11_S3_P1,1789100917,U11_S3_P1_T2,12,12,0,2,new_U11_S3_P1,0
U11,U11_S3,U11_S3_P2,1789100978,U11_S3_P2_T1,12,12,0,1,new_U11_S3_P2,0
U11,U11_S3,U11_S3_P3,1789101064,U11_S3_P3_T1,12,12,0,1,repeated_sequence,1
U11,U11_S3,U11_S3_P4,1789101106,U11_S3_P4_T1,25,25,0,1,new_U11_S3_P4,0
U11,U11_S3,U11_S3_P5,1789101132,U11_S3_P5_T1,16,16,0,3,new_U11_S3_P5,0
U11,U11_S3,U11_S3_P5,1789101200,U11_S3_P5_T2,30,30,0,3,new_U11_S3_P5,0
U11,U11_S3,U11_S3_P5,1789101273,U11_S3_P5_T3,18,18,0,3,new_U11_S3_P5,0
U11,U11_S4,U11_S4_P1,1789101321,U11_S4_P1_T1,14,14,0,1,new_U11_S4_P1,0
U11,U11_S4,U11_S4_P2,1789101400,U11_S4_P2_T1,6,6,0,2,repeated_sequence,1
U11,U11_S4,U11_S4_P2,1789101473,U11_S4_P2_T2,22,22,0,2,repeated_sequence,1
U11,U11_S4,U11_S4_P3,1789101503,U11_S4_P3_T1,19,19,0,1,new_U11_S4_P3,0
U11,U11_S4,U11_S4_P4,1789101547,U11_S4_P4_T1,6,6,0,2,repeated_sequence,1
U11,U11_S4,U11_S4_P4,1789101572,U11_S4_P4_T2,7,7,0,2,repeated_sequence,1
U11,U11_S4,U11_S4_P5,1789101653,U11_S4_P5_T1,11,11,0,2,new_U11_S4_P5,0
U11,U11_S4,U11_S4_P5,1789101715,U11_S4_P5_T2,14,14,0,2,new_U11_S4_P5,0
U12,U12_S1,U12_S1_P1,1789200081,U12_S1_P1_T1,12,12,0,1,new_U12_S1_P1,0
U12,U12_S1,U12_S1_P2,1789200142,U12_S1_P2_T1,29,29,0,1,new_U12_S1_P2,0
U12,U12_S1,U12_S1_P3,1789200207,U12_S1_P3_T1,14,14,0,1,new_U12_S1_P3,0
U12,U12_S1,U12_S1_P4,1789200287,U12_S1_P4_T1,29,29,0,1,repeated_sequence,1
U12,U12_S1,U12_S1_P5,1789200354,U12_S1_P5_T1,15,15,0,1,new_U12_S1_P5,0
U12,U12_S2,U12_S2_P1,1789200407,U12_S2_P1_T1,22,22,0,1,repeated_sequence,1
U12,U12_S2,U12_S2_P2,1789200480,U12_S2_P2_T1,14,14,0,1,new_U12_S2_P2,0
U12,U12_S2,U12_S2_P3,1789200563,U12_S2_P3_T1,22,22,0,1,new_U12_S2_P3,0
U12,U12_S2,U12_S2_P4,1789200615,U12_S2_P4_T1,29,29,0,2,new_U12_S2_P4,0
U12,U12_S2,U12_S2_P4,1789200697,U12_S2_P4_T2,19,19,0,2,new_U12_S2_P4,0
U12,U12_S2,U12_S2_P5,1789200779,U12_S2_P5_T1,10,10,0,2,new_U12_S2_P5,0
U12,U12_S2,U12_S2_P5,1789200868,U12_S2_P5_T2,25,25,0,2,new_U12_S2_P5,0
U12,U12_S3,U12_S3_P1,1789200897,U12_S3_P1_T1,26,28,2,1,new_U12_S3_P1,0
U12,U12_S3,U12_S3_P2,1789200936,U12_S3_P2_T1,5,5,0,2,repeated_sequence,1
U12,U12_S3,U12_S3_P2,1789201014,U12_S3_P2_T2,16,17,1,2,repeated_sequence,1
U12,U12_S3,U12_S3_P3,1789201036,U12_S3_P3_T1,5,5,0,1,new_U12_S3_P3,0
U12,U12_S3,U12_S3_P4,1789201124,U12_S3_P4_T1,14,15,1,1,new_U12_S3_P4,0
U12,U12_S3,U12_S3_P5,1789201157,U12_S3_P5_T1,8,8,0,1,new_U12_S3_P5,0
U12,U12_S4,U12_S4_P1,1789201244,U12_S4_P1_T1,13,13,0,1,new_U12_S4_P1,0
U12,U12_S4,U12_S4_P2,1789201315,U12_S4_P2_T1,19,19,0,1,new_U12_S4_P2,0
U12,U12_S4,U12_S4_P3,1789201363,U12_S4_P3_T1,14,14,0,2,new_U12_S4_P3,0
U12,U12_S4,U12_S4_P3,1789201393,U12_S4_P3_T2,25,25,0,2,new_U12_S4_P3,0
U12,U12_S4,U12_S4_P4,1789201461,U12_S4_P4_T1,22,22,0,1,new_U12_S4_P4,0
U12,U12_S4,U12_S4_P5,1789201502,U12_S4_P5_T1,7,7,0,1,new_U12_S4_P5,0
U13,U13_S1,U13_S1_P1,1789300047,U13_S1_P1_T1,27,27,0,3,repeated_sequence,1
U13,U13_S1,U13_S1_P1,1789300127,U13_S1_P1_T2,13,12,-1,3,repeated_sequence,1
U13,U13_S1,U13_S1_P1,1789300182,U13_S1_P1_T3,22,22,0,3,repeated_sequence,1
U13,U13_S1,U13_S1_P2,1789300228,U13_S1_P2_T1,23,23,0,4,new_U13_S1_P2,0
U13,U13_S1,U13_S1_P2,1789300298,U13_S1_P2_T2,7,7,0,4,new_U13_S1_P2,0
U13,U13_S1,U13_S1_P2,1789300348,U13_S1_P2_T3,23,23,0,4,new_U13_S1_P2,0
U13,U13_S1,U13_S1_P2,1789300417,U13_S1_P2_T4,26,26,0,4,new_U13_S1_P2,0
U13,U13_S1,U13_S1_P3,1789300454,U13_S1_P3_T1,30,30,0,2,new_U13_S1_P3,0
U13,U13_S1,U13_S1_P3,1789300484,U13_S1_P3_T2,21,21,0,2,new_U13_S1_P3,0
U13,U13_S1,U13_S1_P4,1789300513,U13_S1_P4_T1,15,15,0,2,repeated_sequence,1
U13,U13_S1,U13_S1_P4,1789300583,U13_S1_P4_T2,29,29,0,2,repeated_sequence,1
U13,U13_S1,U13_S1_P5,1789300660,U13_S1_P5_T1,20,20,0,2,new_U13_S1_P5,0
U13,U13_S1,U13_S1_P5,1789300750,U13_S1_P5_T2,17,17,0,2,new_U13_S1_P5,0
U13,U13_S2,U13_S2_P1,1789300807,U13_S2_P1_T1,30,30,0,1,repeated_sequence,1
U13,U13_S2,U13_S2_P2,1789300861,U13_S2_P2_T1,9,9,0,1,repeated_sequence,1
U13,U13_S2,U13_S2_P3,1789300927,U13_S2_P3_T1,8,9,1,2,new_U13_S2_P3,0
U13,U13_S2,U13_S2_P3,1789301003,U13_S2_P3_T2,16,16,0,2,new_U13_S2_P3,0
U13,U13_S2,U13_S2_P4,1789301088,U13_S2_P4_T1,18,17,-1,2,new_U13_S2_P4,0
U13,U13_S2,U13_S2_P4,1789301178,U13_S2_P4_T2,7,7,0,2,new_U13_S2_P4,0
U13,U13_S2,U13_S2_P5,1789301250,U13_S2_P5_T1,17,17,0,2,repeated_sequence,1
U13,U13_S2,U13_S2_P5,1789301301,U13_S2_P5_T2,23,23,0,2,repeated_sequence,1
U13,U13_S3,U13_S3_P1,1789301342,U13_S3_P1_T1,9,9,0,1,new_U13_S3_P1,0
U13,U13_S3,U13_S3_P2,1789301397,U13_S3_P2_T1,18,18,0,2,repeated_sequence,1
U13,U13_S3,U13_S3_P2,1789301426,U13_S3_P2_T2,16,16,0,2,repeated_sequence,1
U13,U13_S3,U13_S3_P3,1789301509,U13_S3_P3_T1,24,24,0,2,new_U13_S3_P3,0
U13,U13_S3,U13_S3_P3,1789301587,U13_S3_P3_T2,8,8,0,2,new_U13_S3_P3,0
U13,U13_S3,U13_S3_P4,1789301655,U13_S3_P4_T1,30,30,0,3,new_U13_S3_P4,0
U13,U13_S3,U13_S3_P4,1789301731,U13_S3_P4_T2,15,15,0,3,new_U13_S3_P4,0
U13,U13_S3,U13_S3_P4,1789301768,U13_S3_P4_T3,14,14,0,3,new_U13_S3_P4,0
U13,U13_S3,U13_S3_P5,1789301813,U13_S3_P5_T1,20,20,0,2,new_U13_S3_P5,0
U13,U13_S3,U13_S3_P5,1789301883,U13_S3_P5_T2,15,15,0,2,new_U13_S3_P5,0
U13,U13_S4,U13_S4_P1,1789301934,U13_S4_P1_T1,15,15,0,2,new_U13_S4_P1,0
U13,U13_S4,U13_S4_P1,1789302004,U13_S4_P1_T2,16,17,1,2,new_U13_S4_P1,0
U13,U13_S4,U13_S4_P2,1789302094,U13_S4_P2_T1,5,5,0,1,new_U13_S4_P2,0
U13,U13_S4,U13_S4_P3,1789302140,U13_S4_P3_T1,19,19,0,1,new_U13_S4_P3,0
U13,U13_S4,U13_S4_P4,1789302212,U13_S4_P4_T1,26,26,0,2,new_U13_S4_P4,0
U13,U13_S4,U13_S4_P4,1789302270,U13_S4_P4_T2,12,12,0,2,new_U13_S4_P4,0
U13,U13_S4,U13_S4_P5,1789302344,U13_S4_P5_T1,30,30,0,2,repeated_sequence,1
U13,U13_S4,U13_S4_P5,1789302421,U13_S4_P5_T2,24,24,0,2,repeated_sequence,1
U14,U14_S1,U14_S1_P1,1789400088,U14_S1_P1_T1,24,24,0,1,new_U14_S1_P1,0
U14,U14_S1,U14_S1_P2,1789400139,U14_S1_P2_T1,26,26,0,2,repeated_sequence,1
U14,U14_S1,U14_S1_P2,1789400180,U14_S1_P2_T2,25,25,0,2,repeated_sequence,1
U14,U14_S1,U14_S1_P3,1789400242,U14_S1_P3_T1,30,30,0,1,new_U14_S1_P3,0
U14,U14_S1,U14_S1_P4,1789400295,U14_S1_P4_T1,12,12,0,1,repeated_sequence,1
U14,U14_S1,U14_S1_P5,1789400372,U14_S1_P5_T1,16,16,0,1,new_U14_S1_P5,0
U14,U14_S2,U14_S2_P1,1789400456,U14_S2_P1_T1,9,9,0,2,new_U14_S2_P1,0
U14,U14_S2,U14_S2_P1,1789400479,U14_S2_P1_T2,20,20,0,2,new_U14_S2_P1,0
U14,U14_S2,U14_S2_P2,1789400517,U14_S2_P2_T1,16,16,0,1,repeated_sequence,1
U14,U14_S2,U14_S2_P3,1789400563,U14_S2_P3_T1,21,21,0,3,new_U14_S2_P3,0
U14,U14_S2,U14_S2_P3,1789400643,U14_S2_P3_T2,8,8,0,3,new_U14_S2_P3,0
U14,U14_S2,U14_S2_P3,1789400720,U14_S2_P3_T3,15,13,-2,3,new_U14_S2_P3,0
U14,U14_S2,U14_S2_P4,1789400753,U14_S2_P4_T1,26,26,0,2,new_U14_S2_P4,0
U14,U14_S2,U14_S2_P4,1789400804,U14_S2_P4_T2,21,21,0,2,new_U14_S2_P4,0
U14,U14_S2,U14_S2_P5,1789400853,U14_S2_P5_T1,30,30,0,2,new_U14_S2_P5,0
U14,U14_S2,U14_S2_P5,1789400896,U14_S2_P5_T2,10,10,0,2,new_U14_S2_P5,0
U14,U14_S3,U14_S3_P1,1789400919,U14_S3_P1_T1,28,28,0,3,new_U14_S3_P1,0
U14,U14_S3,U14_S3_P1,1789400964,U14_S3_P1_T2,19,19,0,3,new_U14_S3_P1,0
U14,U14_S3,U14_S3_P1,1789401033,U14_S3_P1_T3,5,5,0,3,new_U14_S3_P1,0
U14,U14_S3,U14_S3_P2,1789401061,U14_S3_P2_T1,23,23,0,2,new_U14_S3_P2,0
U14,U14_S3,U14_S3_P2,1789401149,U14_S3_P2_T2,10,10,0,2,new_U14_S3_P2,0
U14,U14_S3,U14_S3_P3,1789401183,U14_S3_P3_T1,13,13,0,3,repeated_sequence,1
U14,U14_S3,U14_S3_P3,1789401265,U14_S3_P3_T2,21,21,0,3,repeated_sequence,1
U14,U14_S3,U14_S3_P3,1789401325,U14_S3_P3_T3,24,24,0,3,repeated_sequence,1
U14,U14_S3,U14_S3_P4,1789401403,U14_S3_P4_T1,24,24,0,2,new_U14_S3_P4,0
U14,U14_S3,U14_S3_P4,1789401461,U14_S3_P4_T2,24,24,0,2,new_U14_S3_P4,0
U14,U14_S3,U14_S3_P5,1789401521,U14_S3_P5_T1,8,8,0,2,new_U14_S3_P5,0
U14,U14_S3,U14_S3_P5,1789401555,U14_S3_P5_T2,10,10,0,2,new_U14_S3_P5,0
U14,U14_S4,U14_S4_P1,1789401624,U14_S4_P1_T1,18,18,0,2,new_U14_S4_P1,0
U14,U14_S4,U14_S4_P1,1789401712,U14_S4_P1_T2,27,27,0,2,new_U14_S4_P1,0
U14,U14_S4,U14_S4_P2,1789401754,U14_S4_P2_T1,22,22,0,3,new_U14_S4_P2,0
U14,U14_S4,U14_S4_P2,1789401810,U14_S4_P2_T2,9,9,0,3,new_U14_S4_P2,0
U14,U14_S4,U14_S4_P2,1789401887,U14_S4_P2_T3,24,23,-1,3,new_U14_S4_P2,0
U14,U14_S4,U14_S4_P3,1789401971,U14_S4_P3_T1,25,25,0,2,new_U14_S4_P3,0
U14,U14_S4,U14_S4_P3,1789402053,U14_S4_P3_T2,18,18,0,2,new_U14_S4_P3,0
U14,U14_S4,U14_S4_P4,1789402101,U14_S4_P4_T1,14,13,-1,1,new_U14_S4_P4,0
U14,U14_S4,U14_S4_P5,1789402184,U14_S4_P5_T1,22,22,0,2,new_U14_S4_P5,0
U14,U14_S4,U14_S4_P5,1789402218,U14_S4_P5_T2,13,13,0,2,new_U14_S4_P5,0
U15,U15_S1,U15_S1_P1,1789500089,U15_S1_P1_T1,11,11,0,4,new_U15_S1_P1,0
U15,U15_S1,U15_S1_P1,1789500122,U15_S1_P1_T2,28,28,0,4,new_U15_S1_P1,0
U15,U15_S1,U15_S1_P1,1789500173,U15_S1_P1_T3,14,14,0,4,new_U15_S1_P1,0
U15,U15_S1,U15_S1_P1,1789500197,U15_S1_P1_T4,19,19,0,4,new_U15_S1_P1,0
U15,U15_S1,U15_S1_P2,1789500232,U15_S1_P2_T1,29,29,0,3,new_U15_S1_P2,0
U15,U15_S1,U15_S1_P2,1789500278,U15_S1_P2_T2,30,30,0,3,new_U15_S1_P2,0
U15,U15_S1,U15_S1_P2,1789500342,U15_S1_P2_T3,27,27,0,3,new_U15_S1_P2,0
U15,U15_S1,U15_S1_P3,1789500379,U15_S1_P3_T1,30,30,0,2,new_U15_S1_P3,0
U15,U15_S1,U15_S1_P3,1789500425,U15_S1_P3_T2,30,31,1,2,new_U15_S1_P3,0
U15,U15_S1,U15_S1_P4,1789500482,U15_S1_P4_T1,14,14,0,3,new_U15_S1_P4,0
U15,U15_S1,U15_S1_P4,1789500567,U15_S1_P4_T2,26,26,0,3,new_U15_S1_P4,0
U15,U15_S1,U15_S1_P4,1789500604,U15_S1_P4_T3,29,29,0,3,new_U15_S1_P4,0
U15,U15_S1,U15_S1_P5,1789500640,U15_S1_P5_T1,27,27,0,5,new_U15_S1_P5,0
U15,U15_S1,U15_S1_P5,1789500691,U15_S1_P5_T2,9,9,0,5,new_U15_S1_P5,0
U15,U15_S1,U15_S1_P5,1789500742,U15_S1_P5_T3,29,29,0,5,new_U15_S1_P5,0
U15,U15_S1,U15_S1_P5,1789500812,U15_S1_P5_T4,20,20,0,5,new_U15_S1_P5,0
U15,U15_S1,U15_S1_P5,1789500866,U15_S1_P5_T5,25,25,0,5,new_U15_S1_P5,0
U15,U15_S2,U15_S2_P1,1789500897,U15_S2_P1_T1,17,17,0,1,new_U15_S2_P1,0
U15,U15_S2,U15_S2_P2,1789500979,U15_S2_P2_T1,15,15,0,2,new_U15_S2_P2,0
U15,U15_S2,U15_S2_P2,1789501010,U15_S2_P2_T2,28,28,0,2,new_U15_S2_P2,0
U15,U15_S2,U15_S2_P3,1789501075,U15_S2_P3_T1,7,7,0,4,new_U15_S2_P3,0
U15,U15_S2,U15_S2_P3,1789501145,U15_S2_P3_T2,11,11,0,4,new_U15_S2_P3,0
U15,U15_S2,U15_S2_P3,1789501192,U15_S2_P3_T3,20,20,0,4,new_U15_S2_P3,0
U15,U15_S2,U15_S2_P3,1789501248,U15_S2_P3_T4,15,15,0,4,new_U15_S2_P3,0
U15,U15_S2,U15_S2_P4,1789501274,U15_S2_P4_T1,6,6,0,3,new_U15_S2_P4,0
U15,U15_S2,U15_S2_P4,1789501352,U15_S2_P4_T2,5,5,0,3,new_U15_S2_P4,0
U15,U15_S2,U15_S2_P4,1789501392,U15_S2_P4_T3,19,19,0,3,new_U15_S2_P4,0
U15,U15_S2,U15_S2_P5,1789501466,U15_S2_P5_T1,11,11,0,3,new_U15_S2_P5,0
U15,U15_S2,U15_S2_P5,1789501502,U15_S2_P5_T2,25,25,0,3,new_U15_S2_P5,0
U15,U15_S2,U15_S2_P5,1789501557,U15_S2_P5_T3,7,7,0,3,new_U15_S2_P5,0
U15,U15_S3,U15_S3_P1,1789501598,U15_S3_P1_T1,6,6,0,2,new_U15_S3_P1,0
U15,U15_S3,U15_S3_P1,1789501657,U15_S3_P1_T2,28,28,0,2,new_U15_S3_P1,0
U15,U15_S3,U15_S3_P2,1789501688,U15_S3_P2_T1,27,27,0,3,new_U15_S3_P2,0
U15,U15_S3,U15_S3_P2,1789501735,U15_S3_P2_T2,20,19,-1,3,new_U15_S3_P2,0
U15,U15_S3,U15_S3_P2,1789501756,U15_S3_P2_T3,27,27,0,3,new_U15_S3_P2,0
U15,U15_S3,U15_S3_P3,1789501830,U15_S3_P3_T1,27,27,0,2,repeated_sequence,1
U15,U15_S3,U15_S3_P3,1789501859,U15_S3_P3_T2,12,12,0,2,repeated_sequence,1
U15,U15_S3,U15_S3_P4,1789501917,U15_S3_P4_T1,9,9,0,2,new_U15_S3_P4,0
U15,U15_S3,U15_S3_P4,1789501954,U15_S3_P4_T2,25,25,0,2,new_U15_S3_P4,0
U15,U15_S3,U15_S3_P5,1789502041,U15_S3_P5_T1,23,24,1,2,repeated_sequence,1
U15,U15_S3,U15_S3_P5,1789502080,U15_S3_P5_T2,18,18,0,2,repeated_sequence,1
U15,U15_S4,U15_S4_P1,1789502127,U15_S4_P1_T1,7,7,0,2,new_U15_S4_P1,0
U15,U15_S4,U15_S4_P1,1789502164,U15_S4_P1_T2,29,29,0,2,new_U15_S4_P1,0
U15,U15_S4,U15_S4_P2,1789502201,U15_S4_P2_T1,12,12,0,2,new_U15_S4_P2,0
U15,U15_S4,U15_S4_P2,1789502231,U15_S4_P2_T2,12,12,0,2,new_U15_S4_P2,0
U15,U15_S4,U15_S4_P3,1789502287,U15_S4_P3_T1,29,29,0,2,new_U15_S4_P3,0
U15,U15_S4,U15_S4_P3,1789502310,U15_S4_P3_T2,26,26,0,2,new_U15_S4_P3,0
U15,U15_S4,U15_S4_P4,1789502380,U15_S4_P4_T1,14,14,0,3,new_U15_S4_P4,0
U15,U15_S4,U15_S4_P4,1789502430,U15_S4_P4_T2,20,20,0,3,new_U15_S4_P4,0
U15,U15_S4,U15_S4_P4,1789502480,U15_S4_P4_T3,20,20,0,3,new_U15_S4_P4,0
U15,U15_S4,U15_S4_P5,1789502501,U15_S4_P5_T1,16,16,0,3,repeated_sequence,1
U15,U15_S4,U15_S4_P5,1789502537,U15_S4_P5_T2,17,17,0,3,repeated_sequence,1
U15,U15_S4,U15_S4_P5,1789502610,U15_S4_P5_T3,16,16,0,3,repeated_sequence,1
U16,U16_S1,U16_S1_P1,1789600027,U16_S1_P1_T1,30,30,0,2,new_U16_S1_P1,0
U16,U16_S1,U16_S1_P1,1789600083,U16_S1_P1_T2,25,25,0,2,new_U16_S1_P1,0
U16,U16_S1,U16_S1_P2,1789600157,U16_S1_P2_T1,27,27,0,2,new_U16_S1_P2,0
U16,U16_S1,U16_S1_P2,1789600245,U16_S1_P2_T2,22,22,0,2,new_U16_S1_P2,0
U16,U16_S1,U16_S1_P3,1789600291,U16_S1_P3_T1,30,30,0,2,new_U16_S1_P3,0
U16,U16_S1,U16_S1_P3,1789600352,U16_S1_P3_T2,17,17,0,2,new_U16_S1_P3,0
U16,U16_S1,U16_S1_P4,1789600380,U16_S1_P4_T1,14,14,0,2,new_U16_S1_P4,0
U16,U16_S1,U16_S1_P4,1789600430,U16_S1_P4_T2,6,6,0,2,new_U16_S1_P4,0
U16,U16_S1,U16_S1_P5,1789600457,U16_S1_P5_T1,14,14,0,2,new_U16_S1_P5,0
U16,U16_S1,U16_S1_P5,1789600499,U16_S1_P5_T2,8,7,-1,2,new_U16_S1_P5,0
U16,U16_S2,U16_S2_P1,1789600585,U16_S2_P1_T1,30,30,0,3,new_U16_S2_P1,0
U16,U16_S2,U16_S2_P1,1789600638,U16_S2_P1_T2,10,10,0,3,new_U16_S2_P1,0
U16,U16_S2,U16_S2_P1,1789600692,U16_S2_P1_T3,28,28,0,3,new_U16_S2_P1,0
U16,U16_S2,U16_S2_P2,1789600715,U16_S2_P2_T1,15,15,0,2,new_U16_S2_P2,0
U16,U16_S2,U16_S2_P2,1789600769,U16_S2_P2_T2,21,20,-1,2,new_U16_S2_P2,0
U16,U16_S2,U16_S2_P3,1789600835,U16_S2_P3_T1,6,6,0,1,new_U16_S2_P3,0
U16,U16_S2,U16_S2_P4,1789600868,U16_S2_P4_T1,23,23,0,1,new_U16_S2_P4,0
U16,U16_S2,U16_S2_P5,1789600953,U16_S2_P5_T1,5,4,-1,1,repeated_sequence,1
U16,U16_S3,U16_S3_P1,1789600992,U16_S3_P1_T1,10,10,0,1,new_U16_S3_P1,0
U16,U16_S3,U16_S3_P2,1789601065,U16_S3_P2_T1,12,12,0,2,new_U16_S3_P2,0
U16,U16_S3,U16_S3_P2,1789601138,U16_S3_P2_T2,28,28,0,2,new_U16_S3_P2,0
U16,U16_S3,U16_S3_P3,1789601205,U16_S3_P3_T1,8,8,0,1,new_U16_S3_P3,0
U16,U16_S3,U16_S3_P4,1789601230,U16_S3_P4_T1,17,16,-1,2,new_U16_S3_P4,0
U16,U16_S3,U16_S3_P4,1789601286,U16_S3_P4_T2,29,29,0,2,new_U16_S3_P4,0
U16,U16_S3,U16_S3_P5,1789601331,U16_S3_P5_T1,14,14,0,1,repeated_sequence,1
U16,U16_S4,U16_S4_P1,1789601382,U16_S4_P1_T1,19,19,0,3,new_U16_S4_P1,0
U16,U16_S4,U16_S4_P1,1789601465,U16_S4_P1_T2,29,29,0,3,new_U16_S4_P1,0
U16,U16_S4,U16_S4_P1,1789601554,U16_S4_P1_T3,29,29,0,3,new_U16_S4_P1,0
U16,U16_S4,U16_S4_P2,1789601643,U16_S4_P2_T1,16,16,0,3,repeated_sequence,1
U16,U16_S4,U16_S4_P2,1789601664,U16_S4_P2_T2,15,17,2,3,repeated_sequence,1
U16,U16_S4,U16_S4_P2,1789601723,U16_S4_P2_T3,8,8,0,3,repeated_sequence,1
U16,U16_S4,U16_S4_P3,1789601761,U16_S4_P3_T1,27,27,0,3,new_U16_S4_P3,0
U16,U16_S4,U16_S4_P3,1789601786,U16_S4_P3_T2,12,12,0,3,new_U16_S4_P3,0
U16,U16_S4,U16_S4_P3,1789601872,U16_S4_P3_T3,18,18,0,3,new_U16_S4_P3,0
U16,U16_S4,U16_S4_P4,1789601902,U16_S4_P4_T1,23,21,-2,2,new_U16_S4_P4,0
U16,U16_S4,U16_S4_P4,1789601929,U16_S4_P4_T2,18,18,0,2,new_U16_S4_P4,0
U16,U16_S4,U16_S4_P5,1789601986,U16_S4_P5_T1,13,13,0,3,repeated_sequence,1
U16,U16_S4,U16_S4_P5,1789602056,U16_S4_P5_T2,27,27,0,3,repeated_sequence,1
U16,U16_S4,U16_S4_P5,1789602117,U16_S4_P5_T3,15,15,0,3,repeated_sequence,1
U17,U17_S1,U17_S1_P1,1789700060,U17_S1_P1_T1,18,17,-1,2,new_U17_S1_P1,0
U17,U17_S1,U17_S1_P1,1789700106,U17_S1_P1_T2,19,19,0,2,new_U17_S1_P1,0
U17,U17_S1,U17_S1_P2,1789700164,U17_S1_P2_T1,27,27,0,2,repeated_sequence,1
U17,U17_S1,U17_S1_P2,1789700189,U17_S1_P2_T2,11,11,0,2,repeated_sequence,1
U17,U17_S1,U17_S1_P3,1789700220,U17_S1_P3_T1,27,27,0,2,new_U17_S1_P3,0
U17,U17_S1,U17_S1_P3,1789700285,U17_S1_P3_T2,17,17,0,2,new_U17_S1_P3,0
U17,U17_S1,U17_S1_P4,1789700308,U17_S1_P4_T1,17,17,0,1,new_U17_S1_P4,0
U17,U17_S1,U17_S1_P5,1789700398,U17_S1_P5_T1,12,10,-2,1,new_U17_S1_P5,0
U17,U17_S2,U17_S2_P1,1789700446,U17_S2_P1_T1,9,9,0,3,repeated_sequence,1
U17,U17_S2,U17_S2_P1,1789700517,U17_S2_P1_T2,16,16,0,3,repeated_sequence,1
U17,U17_S2,U17_S2_P1,1789700547,U17_S2_P1_T3,23,23,0,3,repeated_sequence,1
U17,U17_S2,U17_S2_P2,1789700592,U17_S2_P2_T1,25,25,0,2,new_U17_S2_P2,0
U17,U17_S2,U17_S2_P2,1789700628,U17_S2_P2_T2,7,7,0,2,new_U17_S2_P2,0
U17,U17_S2,U17_S2_P3,1789700690,U17_S2_P3_T1,8,9,1,2,new_U17_S2_P3,0
U17,U17_S2,U17_S2_P3,1789700760,U17_S2_P3_T2,20,21,1,2,new_U17_S2_P3,0
U17,U17_S2,U17_S2_P4,1789700815,U17_S2_P4_T1,19,19,0,2,repeated_sequence,1
U17,U17_S2,U17_S2_P4,1789700839,U17_S2_P4_T2,24,24,0,2,repeated_sequence,1
U17,U17_S2,U17_S2_P5,1789700896,U17_S2_P5_T1,20,20,0,2,new_U17_S2_P5,0
U17,U17_S2,U17_S2_P5,1789700986,U17_S2_P5_T2,20,19,-1,2,new_U17_S2_P5,0
U17,U17_S3,U17_S3_P1,1789701073,U17_S3_P1_T1,12,12,0,2,new_U17_S3_P1,0
U17,U17_S3,U17_S3_P1,1789701162,U17_S3_P1_T2,30,29,-1,2,new_U17_S3_P1,0
U17,U17_S3,U17_S3_P2,1789701226,U17_S3_P2_T1,23,23,0,3,new_U17_S3_P2,0
U17,U17_S3,U17_S3_P2,1789701295,U17_S3_P2_T2,13,13,0,3,new_U17_S3_P2,0
U17,U17_S3,U17_S3_P2,1789701355,U17_S3_P2_T3,24,24,0,3,new_U17_S3_P2,0
U17,U17_S3,U17_S3_P3,1789701435,U17_S3_P3_T1,21,21,0,3,repeated_sequence,1
U17,U17_S3,U17_S3_P3,1789701484,U17_S3_P3_T2,10,11,1,3,repeated_sequence,1
U17,U17_S3,U17_S3_P3,1789701538,U17_S3_P3_T3,22,22,0,3,repeated_sequence,1
U17,U17_S3,U17_S3_P4,1789701586,U17_S3_P4_T1,23,23,0,2,new_U17_S3_P4,0
U17,U17_S3,U17_S3_P4,1789701655,U17_S3_P4_T2,16,16,0,2,new_U17_S3_P4,0
U17,U17_S3,U17_S3_P5,1789701697,U17_S3_P5_T1,10,10,0,2,new_U17_S3_P5,0
U17,U17_S3,U17_S3_P5,1789701757,U17_S3_P5_T2,30,30,0,2,new_U17_S3_P5,0
U17,U17_S4,U17_S4_P1,1789701822,U17_S4_P1_T1,23,23,0,1,new_U17_S4_P1,0
U17,U17_S4,U17_S4_P2,1789701866,U17_S4_P2_T1,30,30,0,3,new_U17_S4_P2,0
U17,U17_S4,U17_S4_P2,1789701949,U17_S4_P2_T2,22,22,0,3,new_U17_S4_P2,0
U17,U17_S4,U17_S4_P2,1789702031,U17_S4_P2_T3,6,7,1,3,new_U17_S4_P2,0
U17,U17_S4,U17_S4_P3,1789702076,U17_S4_P3_T1,30,30,0,2,repeated_sequence,1
U17,U17_S4,U17_S4_P3,1789702118,U17_S4_P3_T2,30,30,0,2,repeated_sequence,1
U17,U17_S4,U17_S4_P4,1789702156,U17_S4_P4_T1,29,30,1,2,new_U17_S4_P4,0
U17,U17_S4,U17_S4_P4,1789702222,U17_S4_P4_T2,7,7,0,2,new_U17_S4_P4,0
U17,U17_S4,U17_S4_P5,1789702280,U17_S4_P5_T1,15,15,0,2,repeated_sequence,1
U17,U17_S4,U17_S4_P5,1789702320,U17_S4_P5_T2,28,28,0,2,repeated_sequence,1
U18,U18_S1,U18_S1_P1,1789800065,U18_S1_P1_T1,12,12,0,2,new_U18_S1_P1,0
U18,U18_S1,U18_S1_P1,1789800107,U18_S1_P1_T2,17,17,0,2,new_U18_S1_P1,0
U18,U18_S1,U18_S1_P2,1789800177,U18_S1_P2_T1,29,29,0,2,new_U18_S1_P2,0
U18,U18_S1,U18_S1_P2,1789800201,U18_S1_P2_T2,10,10,0,2,new_U18_S1_P2,0
U18,U18_S1,U18_S1_P3,1789800249,U18_S1_P3_T1,25,25,0,2,new_U18_S1_P3,0
U18,U18_S1,U18_S1_P3,1789800332,U18_S1_P3_T2,9,9,0,2,new_U18_S1_P3,0
U18,U18_S1,U18_S1_P4,1789800363,U18_S1_P4_T1,27,27,0,3,new_U18_S1_P4,0
U18,U18_S1,U18_S1_P4,1789800425,U18_S1_P4_T2,19,18,-1,3,new_U18_S1_P4,0
U18,U18_S1,U18_S1_P4,1789800453,U18_S1_P4_T3,16,16,0,3,new_U18_S1_P4,0
U18,U18_S1,U18_S1_P5,1789800526,U18_S1_P5_T1,10,10,0,2,new_U18_S1_P5,0
U18,U18_S1,U18_S1_P5,1789800609,U18_S1_P5_T2,17,17,0,2,new_U18_S1_P5,0
U18,U18_S2,U18_S2_P1,1789800690,U18_S2_P1_T1,30,30,0,2,new_U18_S2_P1,0
U18,U18_S2,U18_S2_P1,1789800738,U18_S2_P1_T2,10,10,0,2,new_U18_S2_P1,0
U18,U18_S2,U18_S2_P2,1789800791,U18_S2_P2_T1,8,7,-1,2,repeated_sequence,1
U18,U18_S2,U18_S2_P2,1789800859,U18_S2_P2_T2,10,10,0,2,repeated_sequence,1
U18,U18_S2,U18_S2_P3,1789800940,U18_S2_P3_T1,27,28,1,1,repeated_sequence,1
U18,U18_S2,U18_S2_P4,1789800972,U18_S2_P4_T1,15,15,0,3,repeated_sequence,1
U18,U18_S2,U18_S2_P4,1789801016,U18_S2_P4_T2,18,18,0,3,repeated_sequence,1
U18,U18_S2,U18_S2_P4,1789801105,U18_S2_P4_T3,13,13,0,3,repeated_sequence,1
U18,U18_S2,U18_S2_P5,1789801137,U18_S2_P5_T1,6,6,0,4,new_U18_S2_P5,0
U18,U18_S2,U18_S2_P5,1789801227,U18_S2_P5_T2,20,20,0,4,new_U18_S2_P5,0
U18,U18_S2,U18_S2_P5,1789801293,U18_S2_P5_T3,5,5,0,4,new_U18_S2_P5,0
U18,U18_S2,U18_S2_P5,1789801350,U18_S2_P5_T4,26,26,0,4,new_U18_S2_P5,0
U18,U18_S3,U18_S3_P1,1789801407,U18_S3_P1_T1,7,7,0,2,new_U18_S3_P1,0
U18,U18_S3,U18_S3_P1,1789801441,U18_S3_P1_T2,14,14,0,2,new_U18_S3_P1,0
U18,U18_S3,U18_S3_P2,1789801494,U18_S3_P2_T1,7,7,0,2,new_U18_S3_P2,0
U18,U18_S3,U18_S3_P2,1789801563,U18_S3_P2_T2,10,10,0,2,new_U18_S3_P2,0
U18,U18_S3,U18_S3_P3,1789801639,U18_S3_P3_T1,19,19,0,2,repeated_sequence,1
U18,U18_S3,U18_S3_P3,1789801693,U18_S3_P3_T2,23,24,1,2,repeated_sequence,1
U18,U18_S3,U18_S3_P4,1789801782,U18_S3_P4_T1,18,18,0,2,new_U18_S3_P4,0
U18,U18_S3,U18_S3_P4,1789801831,U18_S3_P4_T2,22,21,-1,2,new_U18_S3_P4,0
U18,U18_S3,U18_S3_P5,1789801911,U18_S3_P5_T1,23,23,0,1,new_U18_S3_P5,0
U18,U18_S4,U18_S4_P1,1789801941,U18_S4_P1_T1,17,17,0,2,new_U18_S4_P1,0
U18,U18_S4,U18_S4_P1,1789801965,U18_S4_P1_T2,21,21,0,2,new_U18_S4_P1,0
U18,U18_S4,U18_S4_P2,1789802003,U18_S4_P2_T1,8,8,0,1,new_U18_S4_P2,0
U18,U18_S4,U18_S4_P3,1789802044,U18_S4_P3_T1,11,11,0,2,new_U18_S4_P3,0
U18,U18_S4,U18_S4_P3,1789802080,U18_S4_P3_T2,6,6,0,2,new_U18_S4_P3,0
U18,U18_S4,U18_S4_P4,1789802118,U18_S4_P4_T1,24,24,0,3,new_U18_S4_P4,0
U18,U18_S4,U18_S4_P4,1789802146,U18_S4_P4_T2,7,7,0,3,new_U18_S4_P4,0
U18,U18_S4,U18_S4_P4,1789802216,U18_S4_P4_T3,22,22,0,3,new_U18_S4_P4,0
U18,U18_S4,U18_S4_P5,1789802294,U18_S4_P5_T1,5,5,0,2,new_U18_S4_P5,0
U18,U18_S4,U18_S4_P5,1789802380,U18_S4_P5_T2,30,30,0,2,new_U18_S4_P5,0
U19,U19_S1,U19_S1_P1,1789900032,U19_S1_P1_T1,30,30,0,4,new_U19_S1_P1,0
U19,U19_S1,U19_S1_P1,1789900120,U19_S1_P1_T2,16,16,0,4,new_U19_S1_P1,0
U19,U19_S1,U19_S1_P1,1789900173,U19_S1_P1_T3,17,17,0,4,new_U19_S1_P1,0
U19,U19_S1,U19_S1_P1,1789900253,U19_S1_P1_T4,6,6,0,4,new_U19_S1_P1,0
U19,U19_S1,U19_S1_P2,1789900324,U19_S1_P2_T1,6,6,0,1,new_U19_S1_P2,0
U19,U19_S1,U19_S1_P3,1789900404,U19_S1_P3_T1,13,13,0,3,repeated_sequence,1
U19,U19_S1,U19_S1_P3,1789900426,U19_S1_P3_T2,15,15,0,3,repeated_sequence,1
U19,U19_S1,U19_S1_P3,1789900484,U19_S1_P3_T3,14,14,0,3,repeated_sequence,1
U19,U19_S1,U19_S1_P4,1789900516,U19_S1_P4_T1,12,12,0,1,new_U19_S1_P4,0
U19,U19_S1,U19_S1_P5,1789900570,U19_S1_P5_T1,28,28,0,3,new_U19_S1_P5,0
U19,U19_S1,U19_S1_P5,1789900601,U19_S1_P5_T2,11,11,0,3,new_U19_S1_P5,0
U19,U19_S1,U19_S1_P5,1789900673,U19_S1_P5_T3,28,28,0,3,new_U19_S1_P5,0
U19,U19_S2,U19_S2_P1,1789900740,U19_S2_P1_T1,6,6,0,2,new_U19_S2_P1,0
U19,U19_S2,U19_S2_P1,1789900780,U19_S2_P1_T2,7,7,0,2,new_U19_S2_P1,0
U19,U19_S2,U19_S2_P2,1789900803,U19_S2_P2_T1,10,10,0,1,new_U19_S2_P2,0
U19,U19_S2,U19_S2_P3,1789900830,U19_S2_P3_T1,12,11,-1,2,new_U19_S2_P3,0
U19,U19_S2,U19_S2_P3,1789900897,U19_S2_P3_T2,19,19,0,2,new_U19_S2_P3,0
U19,U19_S2,U19_S2_P4,1789900932,U19_S2_P4_T1,26,25,-1,2,new_U19_S2_P4,0
U19,U19_S2,U19_S2_P4,1789901012,U19_S2_P4_T2,23,23,0,2,new_U19_S2_P4,0
U19,U19_S2,U19_S2_P5,1789901065,U19_S2_P5_T1,28,28,0,3,new_U19_S2_P5,0
U19,U19_S2,U19_S2_P5,1789901096,U19_S2_P5_T2,14,16,2,3,new_U19_S2_P5,0
U19,U19_S2,U19_S2_P5,1789901143,U19_S2_P5_T3,12,12,0,3,new_U19_S2_P5,0
U19,U19_S3,U19_S3_P1,1789901197,U19_S3_P1_T1,25,25,0,2,new_U19_S3_P1,0
U19,U19_S3,U19_S3_P1,1789901219,U19_S3_P1_T2,29,29,0,2,new_U19_S3_P1,0
U19,U19_S3,U19_S3_P2,1789901261,U19_S3_P2_T1,24,24,0,2,repeated_sequence,1
U19,U19_S3,U19_S3_P2,1789901309,U19_S3_P2_T2,13,13,0,2,repeated_sequence,1
U19,U19_S3,U19_S3_P3,1789901364,U19_S3_P3_T1,18,18,0,1,new_U19_S3_P3,0
U19,U19_S3,U19_S3_P4,1789901422,U19_S3_P4_T1,26,26,0,2,repeated_sequence,1
U19,U19_S3,U19_S3_P4,1789901492,U19_S3_P4_T2,23,23,0,2,repeated_sequence,1
U19,U19_S3,U19_S3_P5,1789901559,U19_S3_P5_T1,22,22,0,1,new_U19_S3_P5,0
U19,U19_S4,U19_S4_P1,1789901587,U19_S4_P1_T1,15,15,0,1,repeated_sequence,1
U19,U19_S4,U19_S4_P2,1789901642,U19_S4_P2_T1,13,13,0,1,new_U19_S4_P2,0
U19,U19_S4,U19_S4_P3,1789901728,U19_S4_P3_T1,29,29,0,3,repeated_sequence,1
U19,U19_S4,U19_S4_P3,1789901755,U19_S4_P3_T2,30,30,0,3,repeated_sequence,1
U19,U19_S4,U19_S4_P3,1789901826,U19_S4_P3_T3,26,26,0,3,repeated_sequence,1
U19,U19_S4,U19_S4_P4,1789901849,U19_S4_P4_T1,25,25,0,2,repeated_sequence,1
U19,U19_S4,U19_S4_P4,1789901906,U19_S4_P4_T2,13,13,0,2,repeated_sequence,1
U19,U19_S4,U19_S4_P5,1789901950,U19_S4_P5_T1,15,15,0,1,new_U19_S4_P5,0
U20,U20_S1,U20_S1_P1,1790000084,U20_S1_P1_T1,14,14,0,2,new_U20_S1_P1,0
U20,U20_S1,U20_S1_P1,1790000127,U20_S1_P1_T2,14,15,1,2,new_U20_S1_P1,0
U20,U20_S1,U20_S1_P2,1790000170,U20_S1_P2_T1,26,26,0,2,new_U20_S1_P2,0
U20,U20_S1,U20_S1_P2,1790000201,U20_S1_P2_T2,12,12,0,2,new_U20_S1_P2,0
U20,U20_S1,U20_S1_P3,1790000263,U20_S1_P3_T1,16,16,0,2,new_U20_S1_P3,0
U20,U20_S1,U20_S1_P3,1790000320,U20_S1_P3_T2,19,19,0,2,new_U20_S1_P3,0
U20,U20_S1,U20_S1_P4,1790000349,U20_S1_P4_T1,20,20,0,1,new_U20_S1_P4,0
U20,U20_S1,U20_S1_P5,1790000407,U20_S1_P5_T1,18,19,1,1,new_U20_S1_P5,0
U20,U20_S2,U20_S2_P1,1790000485,U20_S2_P1_T1,9,9,0,2,new_U20_S2_P1,0
U20,U20_S2,U20_S2_P1,1790000528,U20_S2_P1_T2,29,28,-1,2,new_U20_S2_P1,0
U20,U20_S2,U20_S2_P2,1790000605,U20_S2_P2_T1,13,13,0,2,repeated_sequence,1
U20,U20_S2,U20_S2_P2,1790000646,U20_S2_P2_T2,23,23,0,2,repeated_sequence,1
U20,U20_S2,U20_S2_P3,1790000677,U20_S2_P3_T1,9,9,0,2,new_U20_S2_P3,0
U20,U20_S2,U20_S2_P3,1790000751,U20_S2_P3_T2,17,17,0,2,new_U20_S2_P3,0
U20,U20_S2,U20_S2_P4,1790000818,U20_S2_P4_T1,5,5,0,2,new_U20_S2_P4,0
U20,U20_S2,U20_S2_P4,1790000905,U20_S2_P4_T2,11,10,-1,2,new_U20_S2_P4,0
U20,U20_S2,U20_S2_P5,1790000964,U20_S2_P5_T1,9,9,0,2,new_U20_S2_P5,0
U20,U20_S2,U20_S2_P5,1790001048,U20_S2_P5_T2,23,23,0,2,new_U20_S2_P5,0
U20,U20_S3,U20_S3_P1,1790001073,U20_S3_P1_T1,14,14,0,1,repeated_sequence,1
U20,U20_S3,U20_S3_P2,1790001148,U20_S3_P2_T1,26,26,0,1,new_U20_S3_P2,0
U20,U20_S3,U20_S3_P3,1790001230,U20_S3_P3_T1,16,16,0,2,new_U20_S3_P3,0
U20,U20_S3,U20_S3_P3,1790001271,U20_S3_P3_T2,30,30,0,2,new_U20_S3_P3,0
U20,U20_S3,U20_S3_P4,1790001293,U20_S3_P4_T1,23,23,0,2,repeated_sequence,1
U20,U20_S3,U20_S3_P4,1790001328,U20_S3_P4_T2,16,16,0,2,repeated_sequence,1
U20,U20_S3,U20_S3_P5,1790001396,U20_S3_P5_T1,25,25,0,3,new_U20_S3_P5,0
U20,U20_S3,U20_S3_P5,1790001484,U20_S3_P5_T2,24,26,2,3,new_U20_S3_P5,0
U20,U20_S3,U20_S3_P5,1790001506,U20_S3_P5_T3,6,6,0,3,new_U20_S3_P5,0
U20,U20_S4,U20_S4_P1,1790001574,U20_S4_P1_T1,8,8,0,2,new_U20_S4_P1,0
U20,U20_S4,U20_S4_P1,1790001654,U20_S4_P1_T2,27,27,0,2,new_U20_S4_P1,0
U20,U20_S4,U20_S4_P2,1790001686,U20_S4_P2_T1,26,26,0,1,new_U20_S4_P2,0
U20,U20_S4,U20_S4_P3,1790001723,U20_S4_P3_T1,18,18,0,1,new_U20_S4_P3,0
U20,U20_S4,U20_S4_P4,1790001757,U20_S4_P4_T1,30,30,0,3,repeated_sequence,1
U20,U20_S4,U20_S4_P4,1790001802,U20_S4_P4_T2,24,24,0,3,repeated_sequence,1
U20,U20_S4,U20_S4_P4,1790001855,U20_S4_P4_T3,21,21,0,3,repeated_sequence,1
U20,U20_S4,U20_S4_P5,1790001927,U20_S4_P5_T1,14,14,0,3,new_U20_S4_P5,0
U20,U20_S4,U20_S4_P5,1790002017,U20_S4_P5_T2,20,20,0,3,new_U20_S4_P5,0
U20,U20_S4,U20_S4_P5,1790002098,U20_S4_P5_T3,15,15,0,3,new_U20_S4_P5,0
U21,U21_S1,U21_S1_P1,1790100029,U21_S1_P1_T1,28,28,0,1,new_U21_S1_P1,0
U21,U21_S1,U21_S1_P2,1790100078,U21_S1_P2_T1,19,19,0,3,new_U21_S1_P2,0
U21,U21_S1,U21_S1_P2,1790100135,U21_S1_P2_T2,13,13,0,3,new_U21_S1_P2,0
U21,U21_S1,U21_S1_P2,1790100167,U21_S1_P2_T3,10,10,0,3,new_U21_S1_P2,0
U21,U21_S1,U21_S1_P3,1790100241,U21_S1_P3_T1,28,29,1,3,repeated_sequence,1
U21,U21_S1,U21_S1_P3,1790100266,U21_S1_P3_T2,5,5,0,3,repeated_sequence,1
U21,U21_S1,U21_S1_P3,1790100307,U21_S1_P3_T3,15,15,0,3,repeated_sequence,1
U21,U21_S1,U21_S1_P4,1790100338,U21_S1_P4_T1,16,16,0,2,new_U21_S1_P4,0
U21,U21_S1,U21_S1_P4,1790100381,U21_S1_P4_T2,8,8,0,2,new_U21_S1_P4,0
U21,U21_S1,U21_S1_P5,1790100435,U21_S1_P5_T1,17,17,0,3,new_U21_S1_P5,0
U21,U21_S1,U21_S1_P5,1790100516,U21_S1_P5_T2,30,30,0,3,new_U21_S1_P5,0
U21,U21_S1,U21_S1_P5,1790100557,U21_S1_P5_T3,8,9,1,3,new_U21_S1_P5,0
U21,U21_S2,U21_S2_P1,1790100638,U21_S2_P1_T1,30,30,0,1,repeated_sequence,1
U21,U21_S2,U21_S2_P2,1790100661,U21_S2_P2_T1,26,26,0,2,new_U21_S2_P2,0
U21,U21_S2,U21_S2_P2,1790100697,U21_S2_P2_T2,20,20,0,2,new_U21_S2_P2,0
U21,U21_S2,U21_S2_P3,1790100769,U21_S2_P3_T1,19,20,1,3,repeated_sequence,1
U21,U21_S2,U21_S2_P3,1790100856,U21_S2_P3_T2,29,29,0,3,repeated_sequence,1
U21,U21_S2,U21_S2_P3,1790100904,U21_S2_P3_T3,26,26,0,3,repeated_sequence,1
U21,U21_S2,U21_S2_P4,1790100936,U21_S2_P4_T1,18,18,0,4,repeated_sequence,1
U21,U21_S2,U21_S2_P4,1790100987,U21_S2_P4_T2,20,20,0,4,repeated_sequence,1
U21,U21_S2,U21_S2_P4,1790101056,U21_S2_P4_T3,9,9,0,4,repeated_sequence,1
U21,U21_S2,U21_S2_P4,1790101082,U21_S2_P4_T4,5,5,0,4,repeated_sequence,1
U21,U21_S2,U21_S2_P5,1790101123,U21_S2_P5_T1,7,7,0,4,new_U21_S2_P5,0
U21,U21_S2,U21_S2_P5,1790101184,U21_S2_P5_T2,12,12,0,4,new_U21_S2_P5,0
U21,U21_S2,U21_S2_P5,1790101239,U21_S2_P5_T3,6,6,0,4,new_U21_S2_P5,0
U21,U21_S2,U21_S2_P5,1790101329,U21_S2_P5_T4,25,25,0,4,new_U21_S2_P5,0
U21,U21_S3,U21_S3_P1,1790101359,U21_S3_P1_T1,19,19,0,4,new_U21_S3_P1,0
U21,U21_S3,U21_S3_P1,1790101436,U21_S3_P1_T2,7,7,0,4,new_U21_S3_P1,0
U21,U21_S3,U21_S3_P1,1790101513,U21_S3_P1_T3,15,14,-1,4,new_U21_S3_P1,0
U21,U21_S3,U21_S3_P1,1790101585,U21_S3_P1_T4,6,6,0,4,new_U21_S3_P1,0
U21,U21_S3,U21_S3_P2,1790101616,U21_S3_P2_T1,30,30,0,3,repeated_sequence,1
U21,U21_S3,U21_S3_P2,1790101674,U21_S3_P2_T2,21,21,0,3,repeated_sequence,1
U21,U21_S3,U21_S3_P2,1790101752,U21_S3_P2_T3,15,15,0,3,repeated_sequence,1
U21,U21_S3,U21_S3_P3,1790101832,U21_S3_P3_T1,27,27,0,4,repeated_sequence,1
U21,U21_S3,U21_S3_P3,1790101909,U21_S3_P3_T2,8,9,1,4,repeated_sequence,1
U21,U21_S3,U21_S3_P3,1790101929,U21_S3_P3_T3,15,15,0,4,repeated_sequence,1
U21,U21_S3,U21_S3_P3,1790101986,U21_S3_P3_T4,22,22,0,4,repeated_sequence,1
U21,U21_S3,U21_S3_P4,1790102023,U21_S3_P4_T1,27,27,0,3,repeated_sequence,1
U21,U21_S3,U21_S3_P4,1790102095,U21_S3_P4_T2,8,8,0,3,repeated_sequence,1
U21,U21_S3,U21_S3_P4,1790102140,U21_S3_P4_T3,11,12,1,3,repeated_sequence,1
U21,U21_S3,U21_S3_P5,1790102203,U21_S3_P5_T1,8,8,0,3,repeated_sequence,1
U21,U21_S3,U21_S3_P5,1790102228,U21_S3_P5_T2,25,25,0,3,repeated_sequence,1
U21,U21_S3,U21_S3_P5,1790102263,U21_S3_P5_T3,29,29,0,3,repeated_sequence,1
U21,U21_S4,U21_S4_P1,1790102347,U21_S4_P1_T1,9,9,0,4,repeated_sequence,1
U21,U21_S4,U21_S4_P1,1790102367,U21_S4_P1_T2,21,21,0,4,repeated_sequence,1
U21,U21_S4,U21_S4_P1,1790102457,U21_S4_P1_T3,18,18,0,4,repeated_sequence,1
U21,U21_S4,U21_S4_P1,1790102538,U21_S4_P1_T4,21,21,0,4,repeated_sequence,1
U21,U21_S4,U21_S4_P2,1790102574,U21_S4_P2_T1,8,8,0,4,repeated_sequence,1
U21,U21_S4,U21_S4_P2,1790102635,U21_S4_P2_T2,21,21,0,4,repeated_sequence,1
U21,U21_S4,U21_S4_P2,1790102708,U21_S4_P2_T3,24,24,0,4,repeated_sequence,1
U21,U21_S4,U21_S4_P2,1790102759,U21_S4_P2_T4,13,13,0,4,repeated_sequence,1
U21,U21_S4,U21_S4_P3,1790102816,U21_S4_P3_T1,19,19,0,2,repeated_sequence,1
U21,U21_S4,U21_S4_P3,1790102853,U21_S4_P3_T2,18,18,0,2,repeated_sequence,1
U21,U21_S4,U21_S4_P4,1790102943,U21_S4_P4_T1,15,15,0,4,new_U21_S4_P4,0
U21,U21_S4,U21_S4_P4,1790103033,U21_S4_P4_T2,25,25,0,4,new_U21_S4_P4,0
U21,U21_S4,U21_S4_P4,1790103079,U21_S4_P4_T3,24,24,0,4,new_U21_S4_P4,0
U21,U21_S4,U21_S4_P4,1790103143,U21_S4_P4_T4,26,27,1,4,new_U21_S4_P4,0
U21,U21_S4,U21_S4_P5,1790103204,U21_S4_P5_T1,27,26,-1,4,repeated_sequence,1
U21,U21_S4,U21_S4_P5,1790103285,U21_S4_P5_T2,23,23,0,4,repeated_sequence,1
U21,U21_S4,U21_S4_P5,1790103358,U21_S4_P5_T3,26,26,0,4,repeated_sequence,1
U21,U21_S4,U21_S4_P5,1790103446,U21_S4_P5_T4,14,14,0,4,repeated_sequence,1
U22,U22_S1,U22_S1_P1,1790200040,U22_S1_P1_T1,14,14,0,4,repeated_sequence,1
U22,U22_S1,U22_S1_P1,1790200078,U22_S1_P1_T2,6,6,0,4,repeated_sequence,1
U22,U22_S1,U22_S1_P1,1790200135,U22_S1_P1_T3,11,11,0,4,repeated_sequence,1
U22,U22_S1,U22_S1_P1,1790200159,U22_S1_P1_T4,16,16,0,4,repeated_sequence,1
U22,U22_S1,U22_S1_P2,1790200207,U22_S1_P2_T1,28,28,0,4,repeated_sequence,1
U22,U22_S1,U22_S1_P2,1790200276,U22_S1_P2_T2,12,12,0,4,repeated_sequence,1
U22,U22_S1,U22_S1_P2,1790200332,U22_S1_P2_T3,27,27,0,4,repeated_sequence,1
U22,U22_S1,U22_S1_P2,1790200400,U22_S1_P2_T4,17,17,0,4,repeated_sequence,1
U22,U22_S1,U22_S1_P3,1790200426,U22_S1_P3_T1,5,5,0,4,new_U22_S1_P3,0
U22,U22_S1,U22_S1_P3,1790200471,U22_S1_P3_T2,24,24,0,4,new_U22_S1_P3,0
U22,U22_S1,U22_S1_P3,1790200547,U22_S1_P3_T3,12,12,0,4,new_U22_S1_P3,0
U22,U22_S1,U22_S1_P3,1790200614,U22_S1_P3_T4,29,29,0,4,new_U22_S1_P3,0
U22,U22_S1,U22_S1_P4,1790200659,U22_S1_P4_T1,29,29,0,3,new_U22_S1_P4,0
U22,U22_S1,U22_S1_P4,1790200703,U22_S1_P4_T2,14,14,0,3,new_U22_S1_P4,0
U22,U22_S1,U22_S1_P4,1790200732,U22_S1_P4_T3,10,10,0,3,new_U22_S1_P4,0
U22,U22_S1,U22_S1_P5,1790200787,U22_S1_P5_T1,22,22,0,4,repeated_sequence,1
U22,U22_S1,U22_S1_P5,1790200827,U22_S1_P5_T2,23,23,0,4,repeated_sequence,1
U22,U22_S1,U22_S1_P5,1790200847,U22_S1_P5_T3,15,15,0,4,repeated_sequence,1
U22,U22_S1,U22_S1_P5,1790200886,U22_S1_P5_T4,6,6,0,4,repeated_sequence,1
U22,U22_S2,U22_S2_P1,1790200912,U22_S2_P1_T1,29,29,0,3,repeated_sequence,1
U22,U22_S2,U22_S2_P1,1790200970,U22_S2_P1_T2,20,20,0,3,repeated_sequence,1
U22,U22_S2,U22_S2_P1,1790201060,U22_S2_P1_T3,16,17,1,3,repeated_sequence,1
U22,U22_S2,U22_S2_P2,1790201144,U22_S2_P2_T1,10,10,0,3,repeated_sequence,1
U22,U22_S2,U22_S2_P2,1790201232,U22_S2_P2_T2,17,16,-1,3,repeated_sequence,1
U22,U22_S2,U22_S2_P2,1790201298,U22_S2_P2_T3,14,14,0,3,repeated_sequence,1
U22,U22_S2,U22_S2_P3,1790201385,U22_S2_P3_T1,20,20,0,4,new_U22_S2_P3,0
U22,U22_S2,U22_S2_P3,1790201406,U22_S2_P3_T2,8,8,0,4,new_U22_S2_P3,0
U22,U22_S2,U22_S2_P3,1790201483,U22_S2_P3_T3,12,12,0,4,new_U22_S2_P3,0
U22,U22_S2,U22_S2_P3,1790201534,U22_S2_P3_T4,6,6,0,4,new_U22_S2_P3,0
U22,U22_S2,U22_S2_P4,1790201603,U22_S2_P4_T1,13,13,0,3,new_U22_S2_P4,0
U22,U22_S2,U22_S2_P4,1790201659,U22_S2_P4_T2,5,5,0,3,new_U22_S2_P4,0
U22,U22_S2,U22_S2_P4,1790201726,U22_S2_P4_T3,21,21,0,3,new_U22_S2_P4,0
U22,U22_S2,U22_S2_P5,1790201751,U22_S2_P5_T1,14,14,0,5,repeated_sequence,1
U22,U22_S2,U22_S2_P5,1790201795,U22_S2_P5_T2,15,15,0,5,repeated_sequence,1
U22,U22_S2,U22_S2_P5,1790201827,U22_S2_P5_T3,10,10,0,5,repeated_sequence,1
U22,U22_S2,U22_S2_P5,1790201915,U22_S2_P5_T4,22,23,1,5,repeated_sequence,1
U22,U22_S2,U22_S2_P5,1790201989,U22_S2_P5_T5,8,8,0,5,repeated_sequence,1
U22,U22_S3,U22_S3_P1,1790202064,U22_S3_P1_T1,25,25,0,4,new_U22_S3_P1,0
U22,U22_S3,U22_S3_P1,1790202093,U22_S3_P1_T2,28,28,0,4,new_U22_S3_P1,0
U22,U22_S3,U22_S3_P1,1790202116,U22_S3_P1_T3,19,19,0,4,new_U22_S3_P1,0
U22,U22_S3,U22_S3_P1,1790202140,U22_S3_P1_T4,7,6,-1,4,new_U22_S3_P1,0
U22,U22_S3,U22_S3_P2,1790202193,U22_S3_P2_T1,18,18,0,4,new_U22_S3_P2,0
U22,U22_S3,U22_S3_P2,1790202264,U22_S3_P2_T2,18,18,0,4,new_U22_S3_P2,0
U22,U22_S3,U22_S3_P2,1790202333,U22_S3_P2_T3,26,24,-2,4,new_U22_S3_P2,0
U22,U22_S3,U22_S3_P2,1790202358,U22_S3_P2_T4,27,27,0,4,new_U22_S3_P2,0
U22,U22_S3,U22_S3_P3,1790202442,U22_S3_P3_T1,8,8,0,4,repeated_sequence,1
U22,U22_S3,U22_S3_P3,1790202500,U22_S3_P3_T2,24,23,-1,4,repeated_sequence,1
U22,U22_S3,U22_S3_P3,1790202523,U22_S3_P3_T3,20,20,0,4,repeated_sequence,1
U22,U22_S3,U22_S3_P3,1790202571,U22_S3_P3_T4,9,9,0,4,repeated_sequence,1
U22,U22_S3,U22_S3_P4,1790202660,U22_S3_P4_T1,14,14,0,3,new_U22_S3_P4,0
U22,U22_S3,U22_S3_P4,1790202698,U22_S3_P4_T2,14,14,0,3,new_U22_S3_P4,0
U22,U22_S3,U22_S3_P4,1790202765,U22_S3_P4_T3,5,5,0,3,new_U22_S3_P4,0
U22,U22_S3,U22_S3_P5,1790202835,U22_S3_P5_T1,22,22,0,3,repeated_sequence,1
U22,U22_S3,U22_S3_P5,1790202865,U22_S3_P5_T2,14,14,0,3,repeated_sequence,1
U22,U22_S3,U22_S3_P5,1790202929,U22_S3_P5_T3,11,11,0,3,repeated_sequence,1
U22,U22_S4,U22_S4_P1,1790203014,U22_S4_P1_T1,9,9,0,4,repeated_sequence,1
U22,U22_S4,U22_S4_P1,1790203062,U22_S4_P1_T2,24,24,0,4,repeated_sequence,1
U22,U22_S4,U22_S4_P1,1790203106,U22_S4_P1_T3,8,8,0,4,repeated_sequence,1
U22,U22_S4,U22_S4_P1,1790203132,U22_S4_P1_T4,29,29,0,4,repeated_sequence,1
U22,U22_S4,U22_S4_P2,1790203189,U22_S4_P2_T1,26,25,-1,5,repeated_sequence,1
U22,U22_S4,U22_S4_P2,1790203271,U22_S4_P2_T2,15,15,0,5,repeated_sequence,1
U22,U22_S4,U22_S4_P2,1790203321,U22_S4_P2_T3,8,8,0,5,repeated_sequence,1
U22,U22_S4,U22_S4_P2,1790203349,U22_S4_P2_T4,11,11,0,5,repeated_sequence,1
U22,U22_S4,U22_S4_P2,1790203426,U22_S4_P2_T5,15,15,0,5,repeated_sequence,1
U22,U22_S4,U22_S4_P3,1790203492,U22_S4_P3_T1,30,30,0,3,repeated_sequence,1
U22,U22_S4,U22_S4_P3,1790203566,U22_S4_P3_T2,10,9,-1,3,repeated_sequence,1
U22,U22_S4,U22_S4_P3,1790203614,U22_S4_P3_T3,27,27,0,3,repeated_sequence,1
U22,U22_S4,U22_S4_P4,1790203676,U22_S4_P4_T1,20,20,0,2,repeated_sequence,1
U22,U22_S4,U22_S4_P4,1790203741,U22_S4_P4_T2,29,29,0,2,repeated_sequence,1
U22,U22_S4,U22_S4_P5,1790203783,U22_S4_P5_T1,25,25,0,4,repeated_sequence,1
U22,U22_S4,U22_S4_P5,1790203838,U22_S4_P5_T2,9,9,0,4,repeated_sequence,1
U22,U22_S4,U22_S4_P5,1790203883,U22_S4_P5_T3,13,13,0,4,repeated_sequence,1
U22,U22_S4,U22_S4_P5,1790203912,U22_S4_P5_T4,28,27,-1,4,repeated_sequence,1
U23,U23_S1,U23_S1_P1,1790300089,U23_S1_P1_T1,22,22,0,4,repeated_sequence,1
U23,U23_S1,U23_S1_P1,1790300128,U23_S1_P1_T2,16,16,0,4,repeated_sequence,1
U23,U23_S1,U23_S1_P1,1790300185,U23_S1_P1_T3,9,9,0,4,repeated_sequence,1
U23,U23_S1,U23_S1_P1,1790300270,U23_S1_P1_T4,7,7,0,4,repeated_sequence,1
U23,U23_S1,U23_S1_P2,1790300311,U23_S1_P2_T1,29,29,0,3,new_U23_S1_P2,0
U23,U23_S1,U23_S1_P2,1790300388,U23_S1_P2_T2,10,11,1,3,new_U23_S1_P2,0
U23,U23_S1,U23_S1_P2,1790300426,U23_S1_P2_T3,28,28,0,3,new_U23_S1_P2,0
U23,U23_S1,U23_S1_P3,1790300475,U23_S1_P3_T1,7,7,0,4,repeated_sequence,1
U23,U23_S1,U23_S1_P3,1790300524,U23_S1_P3_T2,6,6,0,4,repeated_sequence,1
U23,U23_S1,U23_S1_P3,1790300610,U23_S1_P3_T3,30,30,0,4,repeated_sequence,1
U23,U23_S1,U23_S1_P3,1790300690,U23_S1_P3_T4,19,19,0,4,repeated_sequence,1
U23,U23_S1,U23_S1_P4,1790300751,U23_S1_P4_T1,8,8,0,4,repeated_sequence,1
U23,U23_S1,U23_S1_P4,1790300837,U23_S1_P4_T2,25,25,0,4,repeated_sequence,1
U23,U23_S1,U23_S1_P4,1790300890,U23_S1_P4_T3,23,23,0,4,repeated_sequence,1
U23,U23_S1,U23_S1_P4,1790300932,U23_S1_P4_T4,17,17,0,4,repeated_sequence,1
U23,U23_S1,U23_S1_P5,1790301018,U23_S1_P5_T1,13,13,0,3,repeated_sequence,1
U23,U23_S1,U23_S1_P5,1790301066,U23_S1_P5_T2,21,21,0,3,repeated_sequence,1
U23,U23_S1,U23_S1_P5,1790301130,U23_S1_P5_T3,20,20,0,3,repeated_sequence,1
U23,U23_S2,U23_S2_P1,1790301150,U23_S2_P1_T1,21,21,0,5,new_U23_S2_P1,0
U23,U23_S2,U23_S2_P1,1790301226,U23_S2_P1_T2,10,10,0,5,new_U23_S2_P1,0
U23,U23_S2,U23_S2_P1,1790301311,U23_S2_P1_T3,25,25,0,5,new_U23_S2_P1,0
U23,U23_S2,U23_S2_P1,1790301350,U23_S2_P1_T4,10,11,1,5,new_U23_S2_P1,0
U23,U23_S2,U23_S2_P1,1790301423,U23_S2_P1_T5,30,30,0,5,new_U23_S2_P1,0
U23,U23_S2,U23_S2_P2,1790301504,U23_S2_P2_T1,20,20,0,3,repeated_sequence,1
U23,U23_S2,U23_S2_P2,1790301544,U23_S2_P2_T2,25,25,0,3,repeated_sequence,1
U23,U23_S2,U23_S2_P2,1790301566,U23_S2_P2_T3,12,13,1,3,repeated_sequence,1
U23,U23_S2,U23_S2_P3,1790301604,U23_S2_P3_T1,6,4,-2,4,repeated_sequence,1
U23,U23_S2,U23_S2_P3,1790301626,U23_S2_P3_T2,28,28,0,4,repeated_sequence,1
U23,U23_S2,U23_S2_P3,1790301682,U23_S2_P3_T3,7,7,0,4,repeated_sequence,1
U23,U23_S2,U23_S2_P3,1790301762,U23_S2_P3_T4,20,21,1,4,repeated_sequence,1
U23,U23_S2,U23_S2_P4,1790301805,U23_S2_P4_T1,24,24,0,3,repeated_sequence,1
U23,U23_S2,U23_S2_P4,1790301858,U23_S2_P4_T2,10,10,0,3,repeated_sequence,1
U23,U23_S2,U23_S2_P4,1790301921,U23_S2_P4_T3,19,19,0,3,repeated_sequence,1
U23,U23_S2,U23_S2_P5,1790301989,U23_S2_P5_T1,17,19,2,3,repeated_sequence,1
U23,U23_S2,U23_S2_P5,1790302062,U23_S2_P5_T2,9,9,0,3,repeated_sequence,1
U23,U23_S2,U23_S2_P5,1790302104,U23_S2_P5_T3,20,20,0,3,repeated_sequence,1
U23,U23_S3,U23_S3_P1,1790302192,U23_S3_P1_T1,21,21,0,4,repeated_sequence,1
U23,U23_S3,U23_S3_P1,1790302223,U23_S3_P1_T2,20,20,0,4,repeated_sequence,1
U23,U23_S3,U23_S3_P1,1790302312,U23_S3_P1_T3,5,5,0,4,repeated_sequence,1
U23,U23_S3,U23_S3_P1,1790302387,U23_S3_P1_T4,21,21,0,4,repeated_sequence,1
U23,U23_S3,U23_S3_P2,1790302468,U23_S3_P2_T1,30,30,0,5,repeated_sequence,1
U23,U23_S3,U23_S3_P2,1790302532,U23_S3_P2_T2,23,23,0,5,repeated_sequence,1
U23,U23_S3,U23_S3_P2,1790302564,U23_S3_P2_T3,18,17,-1,5,repeated_sequence,1
U23,U23_S3,U23_S3_P2,1790302613,U23_S3_P2_T4,7,7,0,5,repeated_sequence,1
U23,U23_S3,U23_S3_P2,1790302702,U23_S3_P2_T5,18,18,0,5,repeated_sequence,1
U23,U23_S3,U23_S3_P3,1790302788,U23_S3_P3_T1,8,8,0,5,repeated_sequence,1
U23,U23_S3,U23_S3_P3,1790302856,U23_S3_P3_T2,25,25,0,5,repeated_sequence,1
U23,U23_S3,U23_S3_P3,1790302916,U23_S3_P3_T3,18,18,0,5,repeated_sequence,1
U23,U23_S3,U23_S3_P3,1790302955,U23_S3_P3_T4,18,18,0,5,repeated_sequence,1
U23,U23_S3,U23_S3_P3,1790303007,U23_S3_P3_T5,13,13,0,5,repeated_sequence,1
U23,U23_S3,U23_S3_P4,1790303073,U23_S3_P4_T1,24,24,0,4,repeated_sequence,1
U23,U23_S3,U23_S3_P4,1790303143,U23_S3_P4_T2,29,29,0,4,repeated_sequence,1
U23,U23_S3,U23_S3_P4,1790303233,U23_S3_P4_T3,30,30,0,4,repeated_sequence,1
U23,U23_S3,U23_S3_P4,1790303275,U23_S3_P4_T4,16,16,0,4,repeated_sequence,1
U23,U23_S3,U23_S3_P5,1790303345,U23_S3_P5_T1,28,29,1,2,repeated_sequence,1
U23,U23_S3,U23_S3_P5,1790303380,U23_S3_P5_T2,28,28,0,2,repeated_sequence,1
U23,U23_S4,U23_S4_P1,1790303465,U23_S4_P1_T1,17,17,0,5,repeated_sequence,1
U23,U23_S4,U23_S4_P1,1790303555,U23_S4_P1_T2,24,24,0,5,repeated_sequence,1
U23,U23_S4,U23_S4_P1,1790303581,U23_S4_P1_T3,10,10,0,5,repeated_sequence,1
U23,U23_S4,U23_S4_P1,1790303601,U23_S4_P1_T4,30,29,-1,5,repeated_sequence,1
U23,U23_S4,U23_S4_P1,1790303676,U23_S4_P1_T5,7,6,-1,5,repeated_sequence,1
U23,U23_S4,U23_S4_P2,1790303747,U23_S4_P2_T1,24,24,0,4,repeated_sequence,1
U23,U23_S4,U23_S4_P2,1790303803,U23_S4_P2_T2,27,27,0,4,repeated_sequence,1
U23,U23_S4,U23_S4_P2,1790303830,U23_S4_P2_T3,29,29,0,4,repeated_sequence,1
U23,U23_S4,U23_S4_P2,1790303913,U23_S4_P2_T4,19,21,2,4,repeated_sequence,1
U23,U23_S4,U23_S4_P3,1790303998,U23_S4_P3_T1,21,21,0,3,repeated_sequence,1
U23,U23_S4,U23_S4_P3,1790304039,U23_S4_P3_T2,26,25,-1,3,repeated_sequence,1
U23,U23_S4,U23_S4_P3,1790304094,U23_S4_P3_T3,29,29,0,3,repeated_sequence,1
U23,U23_S4,U23_S4_P4,1790304165,U23_S4_P4_T1,23,23,0,4,repeated_sequence,1
U23,U23_S4,U23_S4_P4,1790304186,U23_S4_P4_T2,28,28,0,4,repeated_sequence,1
U23,U23_S4,U23_S4_P4,1790304217,U23_S4_P4_T3,22,22,0,4,repeated_sequence,1
U23,U23_S4,U23_S4_P4,1790304281,U23_S4_P4_T4,16,16,0,4,repeated_sequence,1
U23,U23_S4,U23_S4_P5,1790304352,U23_S4_P5_T1,23,21,-2,4,repeated_sequence,1
U23,U23_S4,U23_S4_P5,1790304436,U23_S4_P5_T2,8,8,0,4,repeated_sequence,1
U23,U23_S4,U23_S4_P5,1790304520,U23_S4_P5_T3,14,14,0,4,repeated_sequence,1
U23,U23_S4,U23_S4_P5,1790304554,U23_S4_P5_T4,30,30,0,4,repeated_sequence,1
U24,U24_S1,U24_S1_P1,1790400051,U24_S1_P1_T1,29,29,0,3,repeated_sequence,1
U24,U24_S1,U24_S1_P1,1790400129,U24_S1_P1_T2,26,26,0,3,repeated_sequence,1
U24,U24_S1,U24_S1_P1,1790400152,U24_S1_P1_T3,20,19,-1,3,repeated_sequence,1
U24,U24_S1,U24_S1_P2,1790400201,U24_S1_P2_T1,30,30,0,2,new_U24_S1_P2,0
U24,U24_S1,U24_S1_P2,1790400266,U24_S1_P2_T2,21,21,0,2,new_U24_S1_P2,0
U24,U24_S1,U24_S1_P3,1790400319,U24_S1_P3_T1,12,12,0,2,new_U24_S1_P3,0
U24,U24_S1,U24_S1_P3,1790400390,U24_S1_P3_T2,26,26,0,2,new_U24_S1_P3,0
U24,U24_S1,U24_S1_P4,1790400450,U24_S1_P4_T1,16,16,0,3,repeated_sequence,1
U24,U24_S1,U24_S1_P4,1790400504,U24_S1_P4_T2,10,10,0,3,repeated_sequence,1
U24,U24_S1,U24_S1_P4,1790400548,U24_S1_P4_T3,20,20,0,3,repeated_sequence,1
U24,U24_S1,U24_S1_P5,1790400598,U24_S1_P5_T1,13,13,0,4,repeated_sequence,1
U24,U24_S1,U24_S1_P5,1790400643,U24_S1_P5_T2,12,12,0,4,repeated_sequence,1
U24,U24_S1,U24_S1_P5,1790400708,U24_S1_P5_T3,9,9,0,4,repeated_sequence,1
U24,U24_S1,U24_S1_P5,1790400743,U24_S1_P5_T4,7,7,0,4,repeated_sequence,1
U24,U24_S2,U24_S2_P1,1790400832,U24_S2_P1_T1,6,6,0,3,new_U24_S2_P1,0
U24,U24_S2,U24_S2_P1,1790400899,U24_S2_P1_T2,24,24,0,3,new_U24_S2_P1,0
U24,U24_S2,U24_S2_P1,1790400954,U24_S2_P1_T3,20,21,1,3,new_U24_S2_P1,0
U24,U24_S2,U24_S2_P2,1790400990,U24_S2_P2_T1,6,6,0,3,new_U24_S2_P2,0
U24,U24_S2,U24_S2_P2,1790401064,U24_S2_P2_T2,20,20,0,3,new_U24_S2_P2,0
U24,U24_S2,U24_S2_P2,1790401088,U24_S2_P2_T3,21,21,0,3,new_U24_S2_P2,0
U24,U24_S2,U24_S2_P3,1790401130,U24_S2_P3_T1,19,19,0,3,new_U24_S2_P3,0
U24,U24_S2,U24_S2_P3,1790401216,U24_S2_P3_T2,19,19,0,3,new_U24_S2_P3,0
U24,U24_S2,U24_S2_P3,1790401237,U24_S2_P3_T3,5,5,0,3,new_U24_S2_P3,0
U24,U24_S2,U24_S2_P4,1790401290,U24_S2_P4_T1,10,10,0,3,repeated_sequence,1
U24,U24_S2,U24_S2_P4,1790401340,U24_S2_P4_T2,13,13,0,3,repeated_sequence,1
U24,U24_S2,U24_S2_P4,1790401403,U24_S2_P4_T3,16,15,-1,3,repeated_sequence,1
U24,U24_S2,U24_S2_P5,1790401474,U24_S2_P5_T1,13,13,0,2,repeated_sequence,1
U24,U24_S2,U24_S2_P5,1790401510,U24_S2_P5_T2,23,23,0,2,repeated_sequence,1
U24,U24_S3,U24_S3_P1,1790401564,U24_S3_P1_T1,30,30,0,4,new_U24_S3_P1,0
U24,U24_S3,U24_S3_P1,1790401639,U24_S3_P1_T2,17,16,-1,4,new_U24_S3_P1,0
U24,U24_S3,U24_S3_P1,1790401660,U24_S3_P1_T3,10,10,0,4,new_U24_S3_P1,0
U24,U24_S3,U24_S3_P1,1790401697,U24_S3_P1_T4,25,25,0,4,new_U24_S3_P1,0
U24,U24_S3,U24_S3_P2,1790401779,U24_S3_P2_T1,14,14,0,2,new_U24_S3_P2,0
U24,U24_S3,U24_S3_P2,1790401805,U24_S3_P2_T2,17,16,-1,2,new_U24_S3_P2,0
U24,U24_S3,U24_S3_P3,1790401837,U24_S3_P3_T1,19,19,0,4,new_U24_S3_P3,0
U24,U24_S3,U24_S3_P3,1790401890,U24_S3_P3_T2,16,16,0,4,new_U24_S3_P3,0
U24,U24_S3,U24_S3_P3,1790401942,U24_S3_P3_T3,16,18,2,4,new_U24_S3_P3,0
U24,U24_S3,U24_S3_P3,1790401987,U24_S3_P3_T4,23,23,0,4,new_U24_S3_P3,0
U24,U24_S3,U24_S3_P4,1790402029,U24_S3_P4_T1,29,29,0,5,new_U24_S3_P4,0
U24,U24_S3,U24_S3_P4,1790402090,U24_S3_P4_T2,26,26,0,5,new_U24_S3_P4,0
U24,U24_S3,U24_S3_P4,1790402167,U24_S3_P4_T3,7,7,0,5,new_U24_S3_P4,0
U24,U24_S3,U24_S3_P4,1790402223,U24_S3_P4_T4,19,19,0,5,new_U24_S3_P4,0
U24,U24_S3,U24_S3_P4,1790402261,U24_S3_P4_T5,10,10,0,5,new_U24_S3_P4,0
U24,U24_S3,U24_S3_P5,1790402332,U24_S3_P5_T1,7,6,-1,4,repeated_sequence,1
U24,U24_S3,U24_S3_P5,1790402392,U24_S3_P5_T2,15,15,0,4,repeated_sequence,1
U24,U24_S3,U24_S3_P5,1790402446,U24_S3_P5_T3,24,24,0,4,repeated_sequence,1
U24,U24_S3,U24_S3_P5,1790402500,U24_S3_P5_T4,19,19,0,4,repeated_sequence,1
U24,U24_S4,U24_S4_P1,1790402577,U24_S4_P1_T1,18,19,1,5,repeated_sequence,1
U24,U24_S4,U24_S4_P1,1790402613,U24_S4_P1_T2,28,28,0,5,repeated_sequence,1
U24,U24_S4,U24_S4_P1,1790402665,U24_S4_P1_T3,28,28,0,5,repeated_sequence,1
U24,U24_S4,U24_S4_P1,1790402695,U24_S4_P1_T4,11,12,1,5,repeated_sequence,1
U24,U24_S4,U24_S4_P1,1790402785,U24_S4_P1_T5,6,5,-1,5,repeated_sequence,1
U24,U24_S4,U24_S4_P2,1790402824,U24_S4_P2_T1,7,7,0,4,repeated_sequence,1
U24,U24_S4,U24_S4_P2,1790402893,U24_S4_P2_T2,14,14,0,4,repeated_sequence,1
U24,U24_S4,U24_S4_P2,1790402949,U24_S4_P2_T3,19,19,0,4,repeated_sequence,1
U24,U24_S4,U24_S4_P2,1790402985,U24_S4_P2_T4,21,21,0,4,repeated_sequence,1
U24,U24_S4,U24_S4_P3,1790403050,U24_S4_P3_T1,15,15,0,3,repeated_sequence,1
U24,U24_S4,U24_S4_P3,1790403129,U24_S4_P3_T2,22,22,0,3,repeated_sequence,1
U24,U24_S4,U24_S4_P3,1790403219,U24_S4_P3_T3,19,21,2,3,repeated_sequence,1
U24,U24_S4,U24_S4_P4,1790403294,U24_S4_P4_T1,21,21,0,3,repeated_sequence,1
U24,U24_S4,U24_S4_P4,1790403382,U24_S4_P4_T2,14,14,0,3,repeated_sequence,1
U24,U24_S4,U24_S4_P4,1790403463,U24_S4_P4_T3,22,22,0,3,repeated_sequence,1
U24,U24_S4,U24_S4_P5,1790403502,U24_S4_P5_T1,14,15,1,4,repeated_sequence,1
U24,U24_S4,U24_S4_P5,1790403539,U24_S4_P5_T2,16,16,0,4,repeated_sequence,1
U24,U24_S4,U24_S4_P5,1790403627,U24_S4_P5_T3,5,5,0,4,repeated_sequence,1
U24,U24_S4,U24_S4_P5,1790403709,U24_S4_P5_T4,29,29,0,4,repeated_sequence,1
U25,U25_S1,U25_S1_P1,1790500075,U25_S1_P1_T1,17,17,0,4,repeated_sequence,1
U25,U25_S1,U25_S1_P1,1790500144,U25_S1_P1_T2,17,17,0,4,repeated_sequence,1
U25,U25_S1,U25_S1_P1,1790500174,U25_S1_P1_T3,18,18,0,4,repeated_sequence,1
U25,U25_S1,U25_S1_P1,1790500260,U25_S1_P1_T4,29,29,0,4,repeated_sequence,1
U25,U25_S1,U25_S1_P2,1790500314,U25_S1_P2_T1,14,14,0,3,new_U25_S1_P2,0
U25,U25_S1,U25_S1_P2,1790500402,U25_S1_P2_T2,30,30,0,3,new_U25_S1_P2,0
U25,U25_S1,U25_S1_P2,1790500446,U25_S1_P2_T3,7,8,1,3,new_U25_S1_P2,0
U25,U25_S1,U25_S1_P3,1790500528,U25_S1_P3_T1,11,11,0,4,repeated_sequence,1
U25,U25_S1,U25_S1_P3,1790500567,U25_S1_P3_T2,6,6,0,4,repeated_sequence,1
U25,U25_S1,U25_S1_P3,1790500589,U25_S1_P3_T3,10,10,0,4,repeated_sequence,1
U25,U25_S1,U25_S1_P3,1790500645,U25_S1_P3_T4,13,12,-1,4,repeated_sequence,1
U25,U25_S1,U25_S1_P4,1790500692,U25_S1_P4_T1,15,15,0,3,repeated_sequence,1
U25,U25_S1,U25_S1_P4,1790500775,U25_S1_P4_T2,16,16,0,3,repeated_sequence,1
U25,U25_S1,U25_S1_P4,1790500799,U25_S1_P4_T3,15,14,-1,3,repeated_sequence,1
U25,U25_S1,U25_S1_P5,1790500888,U25_S1_P5_T1,20,19,-1,3,repeated_sequence,1
U25,U25_S1,U25_S1_P5,1790500909,U25_S1_P5_T2,8,8,0,3,repeated_sequence,1
U25,U25_S1,U25_S1_P5,1790500960,U25_S1_P5_T3,17,17,0,3,repeated_sequence,1
U25,U25_S2,U25_S2_P1,1790500984,U25_S2_P1_T1,11,11,0,3,repeated_sequence,1
U25,U25_S2,U25_S2_P1,1790501016,U25_S2_P1_T2,21,21,0,3,repeated_sequence,1
U25,U25_S2,U25_S2_P1,1790501062,U25_S2_P1_T3,20,20,0,3,repeated_sequence,1
U25,U25_S2,U25_S2_P2,1790501087,U25_S2_P2_T1,28,28,0,5,repeated_sequence,1
U25,U25_S2,U25_S2_P2,1790501173,U25_S2_P2_T2,8,8,0,5,repeated_sequence,1
U25,U25_S2,U25_S2_P2,1790501231,U25_S2_P2_T3,11,11,0,5,repeated_sequence,1
U25,U25_S2,U25_S2_P2,1790501257,U25_S2_P2_T4,26,26,0,5,repeated_sequence,1
U25,U25_S2,U25_S2_P2,1790501291,U25_S2_P2_T5,12,12,0,5,repeated_sequence,1
U25,U25_S2,U25_S2_P3,1790501332,U25_S2_P3_T1,30,30,0,3,repeated_sequence,1
U25,U25_S2,U25_S2_P3,1790501367,U25_S2_P3_T2,17,17,0,3,repeated_sequence,1
U25,U25_S2,U25_S2_P3,1790501388,U25_S2_P3_T3,6,6,0,3,repeated_sequence,1
U25,U25_S2,U25_S2_P4,1790501419,U25_S2_P4_T1,12,11,-1,3,repeated_sequence,1
U25,U25_S2,U25_S2_P4,1790501482,U25_S2_P4_T2,29,29,0,3,repeated_sequence,1
U25,U25_S2,U25_S2_P4,1790501509,U25_S2_P4_T3,16,16,0,3,repeated_sequence,1
U25,U25_S2,U25_S2_P5,1790501558,U25_S2_P5_T1,15,15,0,3,repeated_sequence,1
U25,U25_S2,U25_S2_P5,1790501622,U25_S2_P5_T2,30,30,0,3,repeated_sequence,1
U25,U25_S2,U25_S2_P5,1790501666,U25_S2_P5_T3,5,5,0,3,repeated_sequence,1
U25,U25_S3,U25_S3_P1,1790501703,U25_S3_P1_T1,13,13,0,2,repeated_sequence,1
U25,U25_S3,U25_S3_P1,1790501785,U25_S3_P1_T2,27,27,0,2,repeated_sequence,1
U25,U25_S3,U25_S3_P2,1790501828,U25_S3_P2_T1,22,22,0,3,repeated_sequence,1
U25,U25_S3,U25_S3_P2,1790501907,U25_S3_P2_T2,13,13,0,3,repeated_sequence,1
U25,U25_S3,U25_S3_P2,1790501997,U25_S3_P2_T3,10,8,-2,3,repeated_sequence,1
U25,U25_S3,U25_S3_P3,1790502017,U25_S3_P3_T1,29,29,0,3,repeated_sequence,1
U25,U25_S3,U25_S3_P3,1790502085,U25_S3_P3_T2,28,27,-1,3,repeated_sequence,1
U25,U25_S3,U25_S3_P3,1790502151,U25_S3_P3_T3,29,29,0,3,repeated_sequence,1
U25,U25_S3,U25_S3_P4,1790502220,U25_S3_P4_T1,11,11,0,3,new_U25_S3_P4,0
U25,U25_S3,U25_S3_P4,1790502303,U25_S3_P4_T2,29,29,0,3,new_U25_S3_P4,0
U25,U25_S3,U25_S3_P4,1790502359,U25_S3_P4_T3,15,15,0,3,new_U25_S3_P4,0
U25,U25_S3,U25_S3_P5,1790502391,U25_S3_P5_T1,21,21,0,3,repeated_sequence,1
U25,U25_S3,U25_S3_P5,1790502416,U25_S3_P5_T2,9,8,-1,3,repeated_sequence,1
U25,U25_S3,U25_S3_P5,1790502440,U25_S3_P5_T3,23,23,0,3,repeated_sequence,1
U25,U25_S4,U25_S4_P1,1790502522,U25_S4_P1_T1,21,21,0,3,repeated_sequence,1
U25,U25_S4,U25_S4_P1,1790502574,U25_S4_P1_T2,6,6,0,3,repeated_sequence,1
U25,U25_S4,U25_S4_P1,1790502603,U25_S4_P1_T3,5,5,0,3,repeated_sequence,1
U25,U25_S4,U25_S4_P2,1790502633,U25_S4_P2_T1,19,19,0,3,new_U25_S4_P2,0
U25,U25_S4,U25_S4_P2,1790502660,U25_S4_P2_T2,16,16,0,3,new_U25_S4_P2,0
U25,U25_S4,U25_S4_P2,1790502733,U25_S4_P2_T3,16,16,0,3,new_U25_S4_P2,0
U25,U25_S4,U25_S4_P3,1790502787,U25_S4_P3_T1,21,22,1,4,repeated_sequence,1
U25,U25_S4,U25_S4_P3,1790502873,U25_S4_P3_T2,8,7,-1,4,repeated_sequence,1
U25,U25_S4,U25_S4_P3,1790502942,U25_S4_P3_T3,11,11,0,4,repeated_sequence,1
U25,U25_S4,U25_S4_P3,1790502993,U25_S4_P3_T4,23,23,0,4,repeated_sequence,1
U25,U25_S4,U25_S4_P4,1790503026,U25_S4_P4_T1,29,29,0,4,repeated_sequence,1
U25,U25_S4,U25_S4_P4,1790503091,U25_S4_P4_T2,26,26,0,4,repeated_sequence,1
U25,U25_S4,U25_S4_P4,1790503165,U25_S4_P4_T3,8,6,-2,4,repeated_sequence,1
U25,U25_S4,U25_S4_P4,1790503236,U25_S4_P4_T4,21,21,0,4,repeated_sequence,1
U25,U25_S4,U25_S4_P5,1790503301,U25_S4_P5_T1,15,15,0,5,repeated_sequence,1
U25,U25_S4,U25_S4_P5,1790503362,U25_S4_P5_T2,16,16,0,5,repeated_sequence,1
U25,U25_S4,U25_S4_P5,1790503437,U25_S4_P5_T3,28,28,0,5,repeated_sequence,1
U25,U25_S4,U25_S4_P5,1790503487,U25_S4_P5_T4,23,23,0,5,repeated_sequence,1
U25,U25_S4,U25_S4_P5,1790503555,U25_S4_P5_T5,29,29,0,5,repeated_sequence,1
U26,U26_S1,U26_S1_P1,1790600024,U26_S1_P1_T1,14,14,0,6,repeated_sequence,1
U26,U26_S1,U26_S1_P1,1790600110,U26_S1_P1_T2,9,9,0,6,repeated_sequence,1
U26,U26_S1,U26_S1_P1,1790600168,U26_S1_P1_T3,5,5,0,6,repeated_sequence,1
U26,U26_S1,U26_S1_P1,1790600216,U26_S1_P1_T4,11,11,0,6,repeated_sequence,1
U26,U26_S1,U26_S1_P1,1790600238,U26_S1_P1_T5,29,29,0,6,repeated_sequence,1
U26,U26_S1,U26_S1_P1,1790600293,U26_S1_P1_T6,22,22,0,6,repeated_sequence,1
U26,U26_S1,U26_S1_P2,1790600371,U26_S1_P2_T1,16,15,-1,4,repeated_sequence,1
U26,U26_S1,U26_S1_P2,1790600422,U26_S1_P2_T2,12,12,0,4,repeated_sequence,1
U26,U26_S1,U26_S1_P2,1790600480,U26_S1_P2_T3,7,7,0,4,repeated_sequence,1
U26,U26_S1,U26_S1_P2,1790600527,U26_S1_P2_T4,28,27,-1,4,repeated_sequence,1
U26,U26_S1,U26_S1_P3,1790600559,U26_S1_P3_T1,24,24,0,5,new_U26_S1_P3,0
U26,U26_S1,U26_S1_P3,1790600583,U26_S1_P3_T2,28,28,0,5,new_U26_S1_P3,0
U26,U26_S1,U26_S1_P3,1790600651,U26_S1_P3_T3,7,7,0,5,new_U26_S1_P3,0
U26,U26_S1,U26_S1_P3,1790600713,U26_S1_P3_T4,16,16,0,5,new_U26_S1_P3,0
U26,U26_S1,U26_S1_P3,1790600788,U26_S1_P3_T5,18,18,0,5,new_U26_S1_P3,0
U26,U26_S1,U26_S1_P4,1790600809,U26_S1_P4_T1,25,25,0,5,repeated_sequence,1
U26,U26_S1,U26_S1_P4,1790600877,U26_S1_P4_T2,6,6,0,5,repeated_sequence,1
U26,U26_S1,U26_S1_P4,1790600902,U26_S1_P4_T3,15,15,0,5,repeated_sequence,1
U26,U26_S1,U26_S1_P4,1790600941,U26_S1_P4_T4,15,15,0,5,repeated_sequence,1
U26,U26_S1,U26_S1_P4,1790600989,U26_S1_P4_T5,9,11,2,5,repeated_sequence,1
U26,U26_S1,U26_S1_P5,1790601073,U26_S1_P5_T1,7,7,0,4,repeated_sequence,1
U26,U26_S1,U26_S1_P5,1790601130,U26_S1_P5_T2,30,30,0,4,repeated_sequence,1
U26,U26_S1,U26_S1_P5,1790601166,U26_S1_P5_T3,15,16,1,4,repeated_sequence,1
U26,U26_S1,U26_S1_P5,1790601192,U26_S1_P5_T4,22,22,0,4,repeated_sequence,1
U26,U26_S2,U26_S2_P1,1790601228,U26_S2_P1_T1,29,30,1,5,repeated_sequence,1
U26,U26_S2,U26_S2_P1,1790601310,U26_S2_P1_T2,17,17,0,5,repeated_sequence,1
U26,U26_S2,U26_S2_P1,1790601355,U26_S2_P1_T3,22,22,0,5,repeated_sequence,1
U26,U26_S2,U26_S2_P1,1790601442,U26_S2_P1_T4,12,12,0,5,repeated_sequence,1
U26,U26_S2,U26_S2_P1,1790601496,U26_S2_P1_T5,29,29,0,5,repeated_sequence,1
U26,U26_S2,U26_S2_P2,1790601568,U26_S2_P2_T1,18,18,0,4,repeated_sequence,1
U26,U26_S2,U26_S2_P2,1790601612,U26_S2_P2_T2,15,15,0,4,repeated_sequence,1
U26,U26_S2,U26_S2_P2,1790601635,U26_S2_P2_T3,29,29,0,4,repeated_sequence,1
U26,U26_S2,U26_S2_P2,1790601699,U26_S2_P2_T4,24,24,0,4,repeated_sequence,1
U26,U26_S2,U26_S2_P3,1790601737,U26_S2_P3_T1,19,18,-1,4,repeated_sequence,1
U26,U26_S2,U26_S2_P3,1790601767,U26_S2_P3_T2,8,8,0,4,repeated_sequence,1
U26,U26_S2,U26_S2_P3,1790601818,U26_S2_P3_T3,24,24,0,4,repeated_sequence,1
U26,U26_S2,U26_S2_P3,1790601874,U26_S2_P3_T4,5,5,0,4,repeated_sequence,1
U26,U26_S2,U26_S2_P4,1790601933,U26_S2_P4_T1,19,19,0,4,repeated_sequence,1
U26,U26_S2,U26_S2_P4,1790601995,U26_S2_P4_T2,11,11,0,4,repeated_sequence,1
U26,U26_S2,U26_S2_P4,1790602042,U26_S2_P4_T3,11,11,0,4,repeated_sequence,1
U26,U26_S2,U26_S2_P4,1790602095,U26_S2_P4_T4,22,22,0,4,repeated_sequence,1
U26,U26_S2,U26_S2_P5,1790602117,U26_S2_P5_T1,17,17,0,4,repeated_sequence,1
U26,U26_S2,U26_S2_P5,1790602204,U26_S2_P5_T2,6,6,0,4,repeated_sequence,1
U26,U26_S2,U26_S2_P5,1790602231,U26_S2_P5_T3,14,14,0,4,repeated_sequence,1
U26,U26_S2,U26_S2_P5,1790602285,U26_S2_P5_T4,6,6,0,4,repeated_sequence,1
U26,U26_S3,U26_S3_P1,1790602313,U26_S3_P1_T1,17,17,0,4,new_U26_S3_P1,0
U26,U26_S3,U26_S3_P1,1790602379,U26_S3_P1_T2,8,7,-1,4,new_U26_S3_P1,0
U26,U26_S3,U26_S3_P1,1790602447,U26_S3_P1_T3,21,21,0,4,new_U26_S3_P1,0
U26,U26_S3,U26_S3_P1,1790602479,U26_S3_P1_T4,15,15,0,4,new_U26_S3_P1,0
U26,U26_S3,U26_S3_P2,1790602510,U26_S3_P2_T1,10,10,0,4,repeated_sequence,1
U26,U26_S3,U26_S3_P2,1790602588,U26_S3_P2_T2,22,22,0,4,repeated_sequence,1
U26,U26_S3,U26_S3_P2,1790602610,U26_S3_P2_T3,6,6,0,4,repeated_sequence,1
U26,U26_S3,U26_S3_P2,1790602697,U26_S3_P2_T4,14,14,0,4,repeated_sequence,1
U26,U26_S3,U26_S3_P3,1790602762,U26_S3_P3_T1,16,16,0,4,repeated_sequence,1
U26,U26_S3,U26_S3_P3,1790602812,U26_S3_P3_T2,21,21,0,4,repeated_sequence,1
U26,U26_S3,U26_S3_P3,1790602839,U26_S3_P3_T3,25,25,0,4,repeated_sequence,1
U26,U26_S3,U26_S3_P3,1790602908,U26_S3_P3_T4,5,5,0,4,repeated_sequence,1
U26,U26_S3,U26_S3_P4,1790602956,U26_S3_P4_T1,9,9,0,5,new_U26_S3_P4,0
U26,U26_S3,U26_S3_P4,1790603026,U26_S3_P4_T2,26,27,1,5,new_U26_S3_P4,0
U26,U26_S3,U26_S3_P4,1790603075,U26_S3_P4_T3,18,18,0,5,new_U26_S3_P4,0
U26,U26_S3,U26_S3_P4,1790603114,U26_S3_P4_T4,18,18,0,5,new_U26_S3_P4,0
U26,U26_S3,U26_S3_P4,1790603176,U26_S3_P4_T5,19,19,0,5,new_U26_S3_P4,0
U26,U26_S3,U26_S3_P5,1790603213,U26_S3_P5_T1,23,23,0,4,repeated_sequence,1
U26,U26_S3,U26_S3_P5,1790603258,U26_S3_P5_T2,9,9,0,4,repeated_sequence,1
U26,U26_S3,U26_S3_P5,1790603345,U26_S3_P5_T3,9,9,0,4,repeated_sequence,1
U26,U26_S3,U26_S3_P5,1790603383,U26_S3_P5_T4,25,25,0,4,repeated_sequence,1
U26,U26_S4,U26_S4_P1,1790603418,U26_S4_P1_T1,10,10,0,5,repeated_sequence,1
U26,U26_S4,U26_S4_P1,1790603456,U26_S4_P1_T2,28,27,-1,5,repeated_sequence,1
U26,U26_S4,U26_S4_P1,1790603528,U26_S4_P1_T3,18,18,0,5,repeated_sequence,1
U26,U26_S4,U26_S4_P1,1790603583,U26_S4_P1_T4,9,9,0,5,repeated_sequence,1
U26,U26_S4,U26_S4_P1,1790603616,U26_S4_P1_T5,9,8,-1,5,repeated_sequence,1
U26,U26_S4,U26_S4_P2,1790603665,U26_S4_P2_T1,24,24,0,3,repeated_sequence,1
U26,U26_S4,U26_S4_P2,1790603688,U26_S4_P2_T2,16,17,1,3,repeated_sequence,1
U26,U26_S4,U26_S4_P2,1790603768,U26_S4_P2_T3,27,27,0,3,repeated_sequence,1
U26,U26_S4,U26_S4_P3,1790603837,U26_S4_P3_T1,20,20,0,4,repeated_sequence,1
U26,U26_S4,U26_S4_P3,1790603877,U26_S4_P3_T2,11,11,0,4,repeated_sequence,1
U26,U26_S4,U26_S4_P3,1790603949,U26_S4_P3_T3,29,29,0,4,repeated_sequence,1
U26,U26_S4,U26_S4_P3,1790604003,U26_S4_P3_T4,18,18,0,4,repeated_sequence,1
U26,U26_S4,U26_S4_P4,1790604045,U26_S4_P4_T1,19,19,0,4,repeated_sequence,1
U26,U26_S4,U26_S4_P4,1790604127,U26_S4_P4_T2,27,27,0,4,repeated_sequence,1
U26,U26_S4,U26_S4_P4,1790604205,U26_S4_P4_T3,12,12,0,4,repeated_sequence,1
U26,U26_S4,U26_S4_P4,1790604230,U26_S4_P4_T4,24,24,0,4,repeated_sequence,1
U26,U26_S4,U26_S4_P5,1790604290,U26_S4_P5_T1,17,17,0,4,repeated_sequence,1
U26,U26_S4,U26_S4_P5,1790604378,U26_S4_P5_T2,21,21,0,4,repeated_sequence,1
U26,U26_S4,U26_S4_P5,1790604402,U26_S4_P5_T3,21,22,1,4,repeated_sequence,1
U26,U26_S4,U26_S4_P5,1790604453,U26_S4_P5_T4,21,21,0,4,repeated_sequence,1
U27,U27_S1,U27_S1_P1,1790700044,U27_S1_P1_T1,14,14,0,5,new_U27_S1_P1,0
U27,U27_S1,U27_S1_P1,1790700102,U27_S1_P1_T2,29,29,0,5,new_U27_S1_P1,0
U27,U27_S1,U27_S1_P1,1790700181,U27_S1_P1_T3,10,10,0,5,new_U27_S1_P1,0
U27,U27_S1,U27_S1_P1,1790700207,U27_S1_P1_T4,27,27,0,5,new_U27_S1_P1,0
U27,U27_S1,U27_S1_P1,1790700245,U27_S1_P1_T5,19,19,0,5,new_U27_S1_P1,0
U27,U27_S1,U27_S1_P2,1790700334,U27_S1_P2_T1,9,9,0,4,repeated_sequence,1
U27,U27_S1,U27_S1_P2,1790700395,U27_S1_P2_T2,19,18,-1,4,repeated_sequence,1
U27,U27_S1,U27_S1_P2,1790700440,U27_S1_P2_T3,19,20,1,4,repeated_sequence,1
U27,U27_S1,U27_S1_P2,1790700480,U27_S1_P2_T4,27,27,0,4,repeated_sequence,1
U27,U27_S1,U27_S1_P3,1790700557,U27_S1_P3_T1,25,25,0,6,repeated_sequence,1
U27,U27_S1,U27_S1_P3,1790700644,U27_S1_P3_T2,27,27,0,6,repeated_sequence,1
U27,U27_S1,U27_S1_P3,1790700729,U27_S1_P3_T3,24,24,0,6,repeated_sequence,1
U27,U27_S1,U27_S1_P3,1790700797,U27_S1_P3_T4,22,22,0,6,repeated_sequence,1
U27,U27_S1,U27_S1_P3,1790700838,U27_S1_P3_T5,15,15,0,6,repeated_sequence,1
U27,U27_S1,U27_S1_P3,1790700877,U27_S1_P3_T6,10,10,0,6,repeated_sequence,1
U27,U27_S1,U27_S1_P4,1790700936,U27_S1_P4_T1,28,28,0,6,repeated_sequence,1
U27,U27_S1,U27_S1_P4,1790701013,U27_S1_P4_T2,14,14,0,6,repeated_sequence,1
U27,U27_S1,U27_S1_P4,1790701048,U27_S1_P4_T3,9,9,0,6,repeated_sequence,1
U27,U27_S1,U27_S1_P4,1790701068,U27_S1_P4_T4,24,24,0,6,repeated_sequence,1
U27,U27_S1,U27_S1_P4,1790701089,U27_S1_P4_T5,19,19,0,6,repeated_sequence,1
U27,U27_S1,U27_S1_P4,1790701172,U27_S1_P4_T6,22,22,0,6,repeated_sequence,1
U27,U27_S1,U27_S1_P5,1790701255,U27_S1_P5_T1,12,12,0,6,repeated_sequence,1
U27,U27_S1,U27_S1_P5,1790701335,U27_S1_P5_T2,19,19,0,6,repeated_sequence,1
U27,U27_S1,U27_S1_P5,1790701365,U27_S1_P5_T3,24,24,0,6,repeated_sequence,1
U27,U27_S1,U27_S1_P5,1790701416,U27_S1_P5_T4,22,22,0,6,repeated_sequence,1
U27,U27_S1,U27_S1_P5,1790701462,U27_S1_P5_T5,6,6,0,6,repeated_sequence,1
U27,U27_S1,U27_S1_P5,1790701489,U27_S1_P5_T6,25,25,0,6,repeated_sequence,1
U27,U27_S2,U27_S2_P1,1790701547,U27_S2_P1_T1,15,15,0,5,repeated_sequence,1
U27,U27_S2,U27_S2_P1,1790701573,U27_S2_P1_T2,8,8,0,5,repeated_sequence,1
U27,U27_S2,U27_S2_P1,1790701615,U27_S2_P1_T3,10,10,0,5,repeated_sequence,1
U27,U27_S2,U27_S2_P1,1790701657,U27_S2_P1_T4,19,19,0,5,repeated_sequence,1
U27,U27_S2,U27_S2_P1,1790701723,U27_S2_P1_T5,6,5,-1,5,repeated_sequence,1
U27,U27_S2,U27_S2_P2,1790701797,U27_S2_P2_T1,22,21,-1,4,repeated_sequence,1
U27,U27_S2,U27_S2_P2,1790701832,U27_S2_P2_T2,27,27,0,4,repeated_sequence,1
U27,U27_S2,U27_S2_P2,1790701894,U27_S2_P2_T3,21,21,0,4,repeated_sequence,1
U27,U27_S2,U27_S2_P2,1790701940,U27_S2_P2_T4,27,27,0,4,repeated_sequence,1
U27,U27_S2,U27_S2_P3,1790702027,U27_S2_P3_T1,7,7,0,6,new_U27_S2_P3,0
U27,U27_S2,U27_S2_P3,1790702083,U27_S2_P3_T2,18,18,0,6,new_U27_S2_P3,0
U27,U27_S2,U27_S2_P3,1790702143,U27_S2_P3_T3,13,13,0,6,new_U27_S2_P3,0
U27,U27_S2,U27_S2_P3,1790702208,U27_S2_P3_T4,9,9,0,6,new_U27_S2_P3,0
U27,U27_S2,U27_S2_P3,1790702291,U27_S2_P3_T5,21,21,0,6,new_U27_S2_P3,0
U27,U27_S2,U27_S2_P3,1790702374,U27_S2_P3_T6,20,20,0,6,new_U27_S2_P3,0
U27,U27_S2,U27_S2_P4,1790702423,U27_S2_P4_T1,27,27,0,5,new_U27_S2_P4,0
U27,U27_S2,U27_S2_P4,1790702467,U27_S2_P4_T2,5,6,1,5,new_U27_S2_P4,0
U27,U27_S2,U27_S2_P4,1790702513,U27_S2_P4_T3,30,30,0,5,new_U27_S2_P4,0
U27,U27_S2,U27_S2_P4,1790702586,U27_S2_P4_T4,18,17,-1,5,new_U27_S2_P4,0
U27,U27_S2,U27_S2_P4,1790702633,U27_S2_P4_T5,5,5,0,5,new_U27_S2_P4,0
U27,U27_S2,U27_S2_P5,1790702691,U27_S2_P5_T1,21,21,0,5,repeated_sequence,1
U27,U27_S2,U27_S2_P5,1790702711,U27_S2_P5_T2,8,8,0,5,repeated_sequence,1
U27,U27_S2,U27_S2_P5,1790702774,U27_S2_P5_T3,17,17,0,5,repeated_sequence,1
U27,U27_S2,U27_S2_P5,1790702797,U27_S2_P5_T4,10,10,0,5,repeated_sequence,1
U27,U27_S2,U27_S2_P5,1790702860,U27_S2_P5_T5,26,26,0,5,repeated_sequence,1
U27,U27_S3,U27_S3_P1,1790702884,U27_S3_P1_T1,25,26,1,4,repeated_sequence,1
U27,U27_S3,U27_S3_P1,1790702946,U27_S3_P1_T2,19,19,0,4,repeated_sequence,1
U27,U27_S3,U27_S3_P1,1790703018,U27_S3_P1_T3,28,29,1,4,repeated_sequence,1
U27,U27_S3,U27_S3_P1,1790703078,U27_S3_P1_T4,22,22,0,4,repeated_sequence,1
U27,U27_S3,U27_S3_P2,1790703143,U27_S3_P2_T1,7,7,0,5,new_U27_S3_P2,0
U27,U27_S3,U27_S3_P2,1790703198,U27_S3_P2_T2,5,5,0,5,new_U27_S3_P2,0
U27,U27_S3,U27_S3_P2,1790703266,U27_S3_P2_T3,25,25,0,5,new_U27_S3_P2,0
U27,U27_S3,U27_S3_P2,1790703307,U27_S3_P2_T4,23,23,0,5,new_U27_S3_P2,0
U27,U27_S3,U27_S3_P2,1790703350,U27_S3_P2_T5,24,26,2,5,new_U27_S3_P2,0
U27,U27_S3,U27_S3_P3,1790703404,U27_S3_P3_T1,18,20,2,4,repeated_sequence,1
U27,U27_S3,U27_S3_P3,1790703471,U27_S3_P3_T2,19,19,0,4,repeated_sequence,1
U27,U27_S3,U27_S3_P3,1790703529,U27_S3_P3_T3,11,11,0,4,repeated_sequence,1
U27,U27_S3,U27_S3_P3,1790703571,U27_S3_P3_T4,8,8,0,4,repeated_sequence,1
U27,U27_S3,U27_S3_P4,1790703655,U27_S3_P4_T1,5,5,0,5,repeated_sequence,1
U27,U27_S3,U27_S3_P4,1790703739,U27_S3_P4_T2,9,9,0,5,repeated_sequence,1
U27,U27_S3,U27_S3_P4,1790703820,U27_S3_P4_T3,28,28,0,5,repeated_sequence,1
U27,U27_S3,U27_S3_P4,1790703879,U27_S3_P4_T4,29,29,0,5,repeated_sequence,1
U27,U27_S3,U27_S3_P4,1790703911,U27_S3_P4_T5,21,21,0,5,repeated_sequence,1
U27,U27_S3,U27_S3_P5,1790703935,U27_S3_P5_T1,19,19,0,5,repeated_sequence,1
U27,U27_S3,U27_S3_P5,1790704021,U27_S3_P5_T2,8,10,2,5,repeated_sequence,1
U27,U27_S3,U27_S3_P5,1790704052,U27_S3_P5_T3,15,15,0,5,repeated_sequence,1
U27,U27_S3,U27_S3_P5,1790704077,U27_S3_P5_T4,8,8,0,5,repeated_sequence,1
U27,U27_S3,U27_S3_P5,1790704136,U27_S3_P5_T5,5,5,0,5,repeated_sequence,1
U27,U27_S4,U27_S4_P1,1790704182,U27_S4_P1_T1,15,15,0,4,repeated_sequence,1
U27,U27_S4,U27_S4_P1,1790704238,U27_S4_P1_T2,13,13,0,4,repeated_sequence,1
U27,U27_S4,U27_S4_P1,1790704314,U27_S4_P1_T3,26,25,-1,4,repeated_sequence,1
U27,U27_S4,U27_S4_P1,1790704399,U27_S4_P1_T4,8,8,0,4,repeated_sequence,1
U27,U27_S4,U27_S4_P2,1790704459,U27_S4_P2_T1,13,12,-1,5,repeated_sequence,1
U27,U27_S4,U27_S4_P2,1790704488,U27_S4_P2_T2,14,14,0,5,repeated_sequence,1
U27,U27_S4,U27_S4_P2,1790704551,U27_S4_P2_T3,22,22,0,5,repeated_sequence,1
U27,U27_S4,U27_S4_P2,1790704587,U27_S4_P2_T4,5,5,0,5,repeated_sequence,1
U27,U27_S4,U27_S4_P2,1790704613,U27_S4_P2_T5,8,8,0,5,repeated_sequence,1
U27,U27_S4,U27_S4_P3,1790704683,U27_S4_P3_T1,10,10,0,4,repeated_sequence,1
U27,U27_S4,U27_S4_P3,1790704760,U27_S4_P3_T2,24,24,0,4,repeated_sequence,1
U27,U27_S4,U27_S4_P3,1790704822,U27_S4_P3_T3,11,11,0,4,repeated_sequence,1
U27,U27_S4,U27_S4_P3,1790704910,U27_S4_P3_T4,7,7,0,4,repeated_sequence,1
U27,U27_S4,U27_S4_P4,1790704989,U27_S4_P4_T1,8,8,0,5,repeated_sequence,1
U27,U27_S4,U27_S4_P4,1790705068,U27_S4_P4_T2,20,20,0,5,repeated_sequence,1
U27,U27_S4,U27_S4_P4,1790705116,U27_S4_P4_T3,9,9,0,5,repeated_sequence,1
U27,U27_S4,U27_S4_P4,1790705169,U27_S4_P4_T4,16,16,0,5,repeated_sequence,1
U27,U27_S4,U27_S4_P4,1790705231,U27_S4_P4_T5,30,30,0,5,repeated_sequence,1
U27,U27_S4,U27_S4_P5,1790705313,U27_S4_P5_T1,5,6,1,4,repeated_sequence,1
U27,U27_S4,U27_S4_P5,1790705369,U27_S4_P5_T2,29,29,0,4,repeated_sequence,1
U27,U27_S4,U27_S4_P5,1790705405,U27_S4_P5_T3,21,22,1,4,repeated_sequence,1
U27,U27_S4,U27_S4_P5,1790705438,U27_S4_P5_T4,15,15,0,4,repeated_sequence,1
U28,U28_S1,U28_S1_P1,1790800081,U28_S1_P1_T1,17,16,-1,3,repeated_sequence,1
U28,U28_S1,U28_S1_P1,1790800156,U28_S1_P1_T2,30,30,0,3,repeated_sequence,1
U28,U28_S1,U28_S1_P1,1790800219,U28_S1_P1_T3,22,22,0,3,repeated_sequence,1
U28,U28_S1,U28_S1_P2,1790800301,U28_S1_P2_T1,8,8,0,4,new_U28_S1_P2,0
U28,U28_S1,U28_S1_P2,1790800380,U28_S1_P2_T2,15,15,0,4,new_U28_S1_P2,0
U28,U28_S1,U28_S1_P2,1790800456,U28_S1_P2_T3,10,10,0,4,new_U28_S1_P2,0
U28,U28_S1,U28_S1_P2,1790800527,U28_S1_P2_T4,7,7,0,4,new_U28_S1_P2,0
U28,U28_S1,U28_S1_P3,1790800595,U28_S1_P3_T1,15,15,0,4,repeated_sequence,1
U28,U28_S1,U28_S1_P3,1790800622,U28_S1_P3_T2,7,7,0,4,repeated_sequence,1
U28,U28_S1,U28_S1_P3,1790800659,U28_S1_P3_T3,23,23,0,4,repeated_sequence,1
U28,U28_S1,U28_S1_P3,1790800679,U28_S1_P3_T4,29,28,-1,4,repeated_sequence,1
U28,U28_S1,U28_S1_P4,1790800724,U28_S1_P4_T1,11,11,0,4,repeated_sequence,1
U28,U28_S1,U28_S1_P4,1790800784,U28_S1_P4_T2,14,14,0,4,repeated_sequence,1
U28,U28_S1,U28_S1_P4,1790800842,U28_S1_P4_T3,18,18,0,4,repeated_sequence,1
U28,U28_S1,U28_S1_P4,1790800906,U28_S1_P4_T4,7,7,0,4,repeated_sequence,1
U28,U28_S1,U28_S1_P5,1790800963,U28_S1_P5_T1,6,6,0,2,new_U28_S1_P5,0
U28,U28_S1,U28_S1_P5,1790801053,U28_S1_P5_T2,6,7,1,2,new_U28_S1_P5,0
U28,U28_S2,U28_S2_P1,1790801076,U28_S2_P1_T1,12,12,0,4,repeated_sequence,1
U28,U28_S2,U28_S2_P1,1790801146,U28_S2_P1_T2,25,25,0,4,repeated_sequence,1
U28,U28_S2,U28_S2_P1,1790801214,U28_S2_P1_T3,17,17,0,4,repeated_sequence,1
U28,U28_S2,U28_S2_P1,1790801303,U28_S2_P1_T4,11,11,0,4,repeated_sequence,1
U28,U28_S2,U28_S2_P2,1790801347,U28_S2_P2_T1,22,22,0,3,repeated_sequence,1
U28,U28_S2,U28_S2_P2,1790801413,U28_S2_P2_T2,18,16,-2,3,repeated_sequence,1
U28,U28_S2,U28_S2_P2,1790801442,U28_S2_P2_T3,25,26,1,3,repeated_sequence,1
U28,U28_S2,U28_S2_P3,1790801472,U28_S2_P3_T1,9,9,0,2,new_U28_S2_P3,0
U28,U28_S2,U28_S2_P3,1790801545,U28_S2_P3_T2,19,19,0,2,new_U28_S2_P3,0
U28,U28_S2,U28_S2_P4,1790801619,U28_S2_P4_T1,24,23,-1,3,repeated_sequence,1
U28,U28_S2,U28_S2_P4,1790801684,U28_S2_P4_T2,12,12,0,3,repeated_sequence,1
U28,U28_S2,U28_S2_P4,1790801704,U28_S2_P4_T3,23,23,0,3,repeated_sequence,1
U28,U28_S2,U28_S2_P5,1790801788,U28_S2_P5_T1,13,13,0,3,repeated_sequence,1
U28,U28_S2,U28_S2_P5,1790801877,U28_S2_P5_T2,23,23,0,3,repeated_sequence,1
U28,U28_S2,U28_S2_P5,1790801901,U28_S2_P5_T3,23,23,0,3,repeated_sequence,1
U28,U28_S3,U28_S3_P1,1790801931,U28_S3_P1_T1,9,9,0,2,new_U28_S3_P1,0
U28,U28_S3,U28_S3_P1,1790802018,U28_S3_P1_T2,29,29,0,2,new_U28_S3_P1,0
U28,U28_S3,U28_S3_P2,1790802048,U28_S3_P2_T1,21,21,0,4,repeated_sequence,1
U28,U28_S3,U28_S3_P2,1790802079,U28_S3_P2_T2,12,12,0,4,repeated_sequence,1
U28,U28_S3,U28_S3_P2,1790802108,U28_S3_P2_T3,26,26,0,4,repeated_sequence,1
U28,U28_S3,U28_S3_P2,1790802167,U28_S3_P2_T4,24,23,-1,4,repeated_sequence,1
U28,U28_S3,U28_S3_P3,1790802247,U28_S3_P3_T1,23,23,0,4,repeated_sequence,1
U28,U28_S3,U28_S3_P3,1790802320,U28_S3_P3_T2,16,16,0,4,repeated_sequence,1
U28,U28_S3,U28_S3_P3,1790802377,U28_S3_P3_T3,14,13,-1,4,repeated_sequence,1
U28,U28_S3,U28_S3_P3,1790802430,U28_S3_P3_T4,6,6,0,4,repeated_sequence,1
U28,U28_S3,U28_S3_P4,1790802456,U28_S3_P4_T1,26,26,0,2,repeated_sequence,1
U28,U28_S3,U28_S3_P4,1790802479,U28_S3_P4_T2,14,14,0,2,repeated_sequence,1
U28,U28_S3,U28_S3_P5,1790802531,U28_S3_P5_T1,9,9,0,3,new_U28_S3_P5,0
U28,U28_S3,U28_S3_P5,1790802586,U28_S3_P5_T2,13,12,-1,3,new_U28_S3_P5,0
U28,U28_S3,U28_S3_P5,1790802628,U28_S3_P5_T3,23,23,0,3,new_U28_S3_P5,0
U28,U28_S4,U28_S4_P1,1790802678,U28_S4_P1_T1,20,20,0,3,repeated_sequence,1
U28,U28_S4,U28_S4_P1,1790802765,U28_S4_P1_T2,6,6,0,3,repeated_sequence,1
U28,U28_S4,U28_S4_P1,1790802795,U28_S4_P1_T3,9,9,0,3,repeated_sequence,1
U28,U28_S4,U28_S4_P2,1790802878,U28_S4_P2_T1,29,29,0,2,new_U28_S4_P2,0
U28,U28_S4,U28_S4_P2,1790802947,U28_S4_P2_T2,12,12,0,2,new_U28_S4_P2,0
U28,U28_S4,U28_S4_P3,1790803011,U28_S4_P3_T1,6,6,0,3,repeated_sequence,1
U28,U28_S4,U28_S4_P3,1790803045,U28_S4_P3_T2,6,5,-1,3,repeated_sequence,1
U28,U28_S4,U28_S4_P3,1790803103,U28_S4_P3_T3,20,20,0,3,repeated_sequence,1
U28,U28_S4,U28_S4_P4,1790803172,U28_S4_P4_T1,20,20,0,3,repeated_sequence,1
U28,U28_S4,U28_S4_P4,1790803259,U28_S4_P4_T2,18,19,1,3,repeated_sequence,1
U28,U28_S4,U28_S4_P4,1790803336,U28_S4_P4_T3,17,17,0,3,repeated_sequence,1
U28,U28_S4,U28_S4_P5,1790803424,U28_S4_P5_T1,25,25,0,4,repeated_sequence,1
U28,U28_S4,U28_S4_P5,1790803499,U28_S4_P5_T2,24,24,0,4,repeated_sequence,1
U28,U28_S4,U28_S4_P5,1790803553,U28_S4_P5_T3,15,15,0,4,repeated_sequence,1
U28,U28_S4,U28_S4_P5,1790803585,U28_S4_P5_T4,13,13,0,4,repeated_sequence,1
U29,U29_S1,U29_S1_P1,1790900044,U29_S1_P1_T1,21,21,0,3,repeated_sequence,1
U29,U29_S1,U29_S1_P1,1790900087,U29_S1_P1_T2,15,15,0,3,repeated_sequence,1
U29,U29_S1,U29_S1_P1,1790900108,U29_S1_P1_T3,7,6,-1,3,repeated_sequence,1
U29,U29_S1,U29_S1_P2,1790900164,U29_S1_P2_T1,13,14,1,4,repeated_sequence,1
U29,U29_S1,U29_S1_P2,1790900211,U29_S1_P2_T2,24,24,0,4,repeated_sequence,1
U29,U29_S1,U29_S1_P2,1790900246,U29_S1_P2_T3,7,7,0,4,repeated_sequence,1
U29,U29_S1,U29_S1_P2,1790900282,U29_S1_P2_T4,17,17,0,4,repeated_sequence,1
U29,U29_S1,U29_S1_P3,1790900325,U29_S1_P3_T1,8,8,0,4,new_U29_S1_P3,0
U29,U29_S1,U29_S1_P3,1790900377,U29_S1_P3_T2,14,14,0,4,new_U29_S1_P3,0
U29,U29_S1,U29_S1_P3,1790900406,U29_S1_P3_T3,25,25,0,4,new_U29_S1_P3,0
U29,U29_S1,U29_S1_P3,1790900461,U29_S1_P3_T4,29,29,0,4,new_U29_S1_P3,0
U29,U29_S1,U29_S1_P4,1790900501,U29_S1_P4_T1,29,30,1,5,repeated_sequence,1
U29,U29_S1,U29_S1_P4,1790900569,U29_S1_P4_T2,17,17,0,5,repeated_sequence,1
U29,U29_S1,U29_S1_P4,1790900596,U29_S1_P4_T3,13,13,0,5,repeated_sequence,1
U29,U29_S1,U29_S1_P4,1790900649,U29_S1_P4_T4,10,10,0,5,repeated_sequence,1
U29,U29_S1,U29_S1_P4,1790900731,U29_S1_P4_T5,11,11,0,5,repeated_sequence,1
U29,U29_S1,U29_S1_P5,1790900806,U29_S1_P5_T1,11,11,0,4,repeated_sequence,1
U29,U29_S1,U29_S1_P5,1790900839,U29_S1_P5_T2,19,19,0,4,repeated_sequence,1
U29,U29_S1,U29_S1_P5,1790900872,U29_S1_P5_T3,6,8,2,4,repeated_sequence,1
U29,U29_S1,U29_S1_P5,1790900924,U29_S1_P5_T4,29,29,0,4,repeated_sequence,1
U29,U29_S2,U29_S2_P1,1790900948,U29_S2_P1_T1,26,26,0,4,repeated_sequence,1
U29,U29_S2,U29_S2_P1,1790900987,U29_S2_P1_T2,27,27,0,4,repeated_sequence,1
U29,U29_S2,U29_S2_P1,1790901057,U29_S2_P1_T3,23,24,1,4,repeated_sequence,1
U29,U29_S2,U29_S2_P1,1790901139,U29_S2_P1_T4,20,20,0,4,repeated_sequence,1
U29,U29_S2,U29_S2_P2,1790901228,U29_S2_P2_T1,12,13,1,5,new_U29_S2_P2,0
U29,U29_S2,U29_S2_P2,1790901309,U29_S2_P2_T2,8,8,0,5,new_U29_S2_P2,0
U29,U29_S2,U29_S2_P2,1790901374,U29_S2_P2_T3,15,15,0,5,new_U29_S2_P2,0
U29,U29_S2,U29_S2_P2,1790901445,U29_S2_P2_T4,6,6,0,5,new_U29_S2_P2,0
U29,U29_S2,U29_S2_P2,1790901476,U29_S2_P2_T5,16,16,0,5,new_U29_S2_P2,0
U29,U29_S2,U29_S2_P3,1790901533,U29_S2_P3_T1,25,26,1,4,repeated_sequence,1
U29,U29_S2,U29_S2_P3,1790901602,U29_S2_P3_T2,26,27,1,4,repeated_sequence,1
U29,U29_S2,U29_S2_P3,1790901667,U29_S2_P3_T3,20,21,1,4,repeated_sequence,1
U29,U29_S2,U29_S2_P3,1790901711,U29_S2_P3_T4,9,6,-3,4,repeated_sequence,1
U29,U29_S2,U29_S2_P4,1790901800,U29_S2_P4_T1,25,25,0,4,repeated_sequence,1
U29,U29_S2,U29_S2_P4,1790901888,U29_S2_P4_T2,30,30,0,4,repeated_sequence,1
U29,U29_S2,U29_S2_P4,1790901910,U29_S2_P4_T3,6,6,0,4,repeated_sequence,1
U29,U29_S2,U29_S2_P4,1790901973,U29_S2_P4_T4,30,30,0,4,repeated_sequence,1
U29,U29_S2,U29_S2_P5,1790902059,U29_S2_P5_T1,19,19,0,3,repeated_sequence,1
U29,U29_S2,U29_S2_P5,1790902147,U29_S2_P5_T2,9,9,0,3,repeated_sequence,1
U29,U29_S2,U29_S2_P5,1790902196,U29_S2_P5_T3,7,6,-1,3,repeated_sequence,1
U29,U29_S3,U29_S3_P1,1790902221,U29_S3_P1_T1,12,12,0,3,new_U29_S3_P1,0
U29,U29_S3,U29_S3_P1,1790902257,U29_S3_P1_T2,5,4,-1,3,new_U29_S3_P1,0
U29,U29_S3,U29_S3_P1,1790902316,U29_S3_P1_T3,30,29,-1,3,new_U29_S3_P1,0
U29,U29_S3,U29_S3_P2,1790902350,U29_S3_P2_T1,20,20,0,3,new_U29_S3_P2,0
U29,U29_S3,U29_S3_P2,1790902398,U29_S3_P2_T2,7,7,0,3,new_U29_S3_P2,0
U29,U29_S3,U29_S3_P2,1790902472,U29_S3_P2_T3,15,15,0,3,new_U29_S3_P2,0
U29,U29_S3,U29_S3_P3,1790902561,U29_S3_P3_T1,9,9,0,5,repeated_sequence,1
U29,U29_S3,U29_S3_P3,1790902608,U29_S3_P3_T2,29,28,-1,5,repeated_sequence,1
U29,U29_S3,U29_S3_P3,1790902636,U29_S3_P3_T3,8,8,0,5,repeated_sequence,1
U29,U29_S3,U29_S3_P3,1790902709,U29_S3_P3_T4,10,10,0,5,repeated_sequence,1
U29,U29_S3,U29_S3_P3,1790902799,U29_S3_P3_T5,10,10,0,5,repeated_sequence,1
U29,U29_S3,U29_S3_P4,1790902867,U29_S3_P4_T1,29,30,1,4,repeated_sequence,1
U29,U29_S3,U29_S3_P4,1790902897,U29_S3_P4_T2,5,7,2,4,repeated_sequence,1
U29,U29_S3,U29_S3_P4,1790902953,U29_S3_P4_T3,18,18,0,4,repeated_sequence,1
U29,U29_S3,U29_S3_P4,1790903033,U29_S3_P4_T4,27,26,-1,4,repeated_sequence,1
U29,U29_S3,U29_S3_P5,1790903075,U29_S3_P5_T1,24,24,0,4,repeated_sequence,1
U29,U29_S3,U29_S3_P5,1790903118,U29_S3_P5_T2,27,27,0,4,repeated_sequence,1
U29,U29_S3,U29_S3_P5,1790903149,U29_S3_P5_T3,25,25,0,4,repeated_sequence,1
U29,U29_S3,U29_S3_P5,1790903207,U29_S3_P5_T4,16,16,0,4,repeated_sequence,1
U29,U29_S4,U29_S4_P1,1790903251,U29_S4_P1_T1,8,8,0,5,repeated_sequence,1
U29,U29_S4,U29_S4_P1,1790903283,U29_S4_P1_T2,24,24,0,5,repeated_sequence,1
U29,U29_S4,U29_S4_P1,1790903372,U29_S4_P1_T3,21,20,-1,5,repeated_sequence,1
U29,U29_S4,U29_S4_P1,1790903416,U29_S4_P1_T4,8,8,0,5,repeated_sequence,1
U29,U29_S4,U29_S4_P1,1790903496,U29_S4_P1_T5,20,21,1,5,repeated_sequence,1
U29,U29_S4,U29_S4_P2,1790903571,U29_S4_P2_T1,13,13,0,5,repeated_sequence,1
U29,U29_S4,U29_S4_P2,1790903649,U29_S4_P2_T2,6,5,-1,5,repeated_sequence,1
U29,U29_S4,U29_S4_P2,1790903737,U29_S4_P2_T3,10,8,-2,5,repeated_sequence,1
U29,U29_S4,U29_S4_P2,1790903787,U29_S4_P2_T4,28,28,0,5,repeated_sequence,1
U29,U29_S4,U29_S4_P2,1790903848,U29_S4_P2_T5,18,19,1,5,repeated_sequence,1
U29,U29_S4,U29_S4_P3,1790903880,U29_S4_P3_T1,12,12,0,3,repeated_sequence,1
U29,U29_S4,U29_S4_P3,1790903925,U29_S4_P3_T2,17,17,0,3,repeated_sequence,1
U29,U29_S4,U29_S4_P3,1790903954,U29_S4_P3_T3,20,20,0,3,repeated_sequence,1
U29,U29_S4,U29_S4_P4,1790904029,U29_S4_P4_T1,9,8,-1,5,repeated_sequence,1
U29,U29_S4,U29_S4_P4,1790904107,U29_S4_P4_T2,28,27,-1,5,repeated_sequence,1
U29,U29_S4,U29_S4_P4,1790904161,U29_S4_P4_T3,11,11,0,5,repeated_sequence,1
U29,U29_S4,U29_S4_P4,1790904185,U29_S4_P4_T4,27,27,0,5,repeated_sequence,1
U29,U29_S4,U29_S4_P4,1790904240,U29_S4_P4_T5,9,10,1,5,repeated_sequence,1
U29,U29_S4,U29_S4_P5,1790904297,U29_S4_P5_T1,24,25,1,4,repeated_sequence,1
U29,U29_S4,U29_S4_P5,1790904387,U29_S4_P5_T2,12,13,1,4,repeated_sequence,1
U29,U29_S4,U29_S4_P5,1790904469,U29_S4_P5_T3,11,11,0,4,repeated_sequence,1
U29,U29_S4,U29_S4_P5,1790904548,U29_S4_P5_T4,13,12,-1,4,repeated_sequence,1
U30,U30_S1,U30_S1_P1,1791000020,U30_S1_P1_T1,18,18,0,5,new_U30_S1_P1,0
U30,U30_S1,U30_S1_P1,1791000045,U30_S1_P1_T2,20,20,0,5,new_U30_S1_P1,0
U30,U30_S1,U30_S1_P1,1791000129,U30_S1_P1_T3,6,6,0,5,new_U30_S1_P1,0
U30,U30_S1,U30_S1_P1,1791000199,U30_S1_P1_T4,20,20,0,5,new_U30_S1_P1,0
U30,U30_S1,U30_S1_P1,1791000231,U30_S1_P1_T5,19,19,0,5,new_U30_S1_P1,0
U30,U30_S1,U30_S1_P2,1791000303,U30_S1_P2_T1,11,9,-2,5,repeated_sequence,1
U30,U30_S1,U30_S1_P2,1791000334,U30_S1_P2_T2,5,5,0,5,repeated_sequence,1
U30,U30_S1,U30_S1_P2,1791000393,U30_S1_P2_T3,10,10,0,5,repeated_sequence,1
U30,U30_S1,U30_S1_P2,1791000416,U30_S1_P2_T4,19,19,0,5,repeated_sequence,1
U30,U30_S1,U30_S1_P2,1791000453,U30_S1_P2_T5,27,27,0,5,repeated_sequence,1
U30,U30_S1,U30_S1_P3,1791000473,U30_S1_P3_T1,25,26,1,4,repeated_sequence,1
U30,U30_S1,U30_S1_P3,1791000535,U30_S1_P3_T2,21,22,1,4,repeated_sequence,1
U30,U30_S1,U30_S1_P3,1791000624,U30_S1_P3_T3,23,23,0,4,repeated_sequence,1
U30,U30_S1,U30_S1_P3,1791000654,U30_S1_P3_T4,24,24,0,4,repeated_sequence,1
U30,U30_S1,U30_S1_P4,1791000681,U30_S1_P4_T1,21,21,0,4,repeated_sequence,1
U30,U30_S1,U30_S1_P4,1791000747,U30_S1_P4_T2,6,5,-1,4,repeated_sequence,1
U30,U30_S1,U30_S1_P4,1791000789,U30_S1_P4_T3,25,25,0,4,repeated_sequence,1
U30,U30_S1,U30_S1_P4,1791000817,U30_S1_P4_T4,22,22,0,4,repeated_sequence,1
U30,U30_S1,U30_S1_P5,1791000879,U30_S1_P5_T1,12,12,0,5,repeated_sequence,1
U30,U30_S1,U30_S1_P5,1791000960,U30_S1_P5_T2,28,28,0,5,repeated_sequence,1
U30,U30_S1,U30_S1_P5,1791001006,U30_S1_P5_T3,29,29,0,5,repeated_sequence,1
U30,U30_S1,U30_S1_P5,1791001054,U30_S1_P5_T4,15,15,0,5,repeated_sequence,1
U30,U30_S1,U30_S1_P5,1791001108,U30_S1_P5_T5,21,21,0,5,repeated_sequence,1
U30,U30_S2,U30_S2_P1,1791001190,U30_S2_P1_T1,21,21,0,4,repeated_sequence,1
U30,U30_S2,U30_S2_P1,1791001225,U30_S2_P1_T2,20,20,0,4,repeated_sequence,1
U30,U30_S2,U30_S2_P1,1791001313,U30_S2_P1_T3,14,14,0,4,repeated_sequence,1
U30,U30_S2,U30_S2_P1,1791001380,U30_S2_P1_T4,30,30,0,4,repeated_sequence,1
U30,U30_S2,U30_S2_P2,1791001408,U30_S2_P2_T1,11,11,0,4,repeated_sequence,1
U30,U30_S2,U30_S2_P2,1791001486,U30_S2_P2_T2,7,9,2,4,repeated_sequence,1
U30,U30_S2,U30_S2_P2,1791001519,U30_S2_P2_T3,10,10,0,4,repeated_sequence,1
U30,U30_S2,U30_S2_P2,1791001557,U30_S2_P2_T4,20,19,-1,4,repeated_sequence,1
U30,U30_S2,U30_S2_P3,1791001646,U30_S2_P3_T1,9,9,0,4,repeated_sequence,1
U30,U30_S2,U30_S2_P3,1791001719,U30_S2_P3_T2,19,19,0,4,repeated_sequence,1
U30,U30_S2,U30_S2_P3,1791001741,U30_S2_P3_T3,14,14,0,4,repeated_sequence,1
U30,U30_S2,U30_S2_P3,1791001763,U30_S2_P3_T4,30,30,0,4,repeated_sequence,1
U30,U30_S2,U30_S2_P4,1791001825,U30_S2_P4_T1,18,18,0,4,new_U30_S2_P4,0
U30,U30_S2,U30_S2_P4,1791001886,U30_S2_P4_T2,20,20,0,4,new_U30_S2_P4,0
U30,U30_S2,U30_S2_P4,1791001973,U30_S2_P4_T3,22,22,0,4,new_U30_S2_P4,0
U30,U30_S2,U30_S2_P4,1791002031,U30_S2_P4_T4,23,22,-1,4,new_U30_S2_P4,0
U30,U30_S2,U30_S2_P5,1791002087,U30_S2_P5_T1,29,29,0,3,repeated_sequence,1
U30,U30_S2,U30_S2_P5,1791002125,U30_S2_P5_T2,16,16,0,3,repeated_sequence,1
U30,U30_S2,U30_S2_P5,1791002166,U30_S2_P5_T3,24,24,0,3,repeated_sequence,1
U30,U30_S3,U30_S3_P1,1791002205,U30_S3_P1_T1,10,10,0,4,new_U30_S3_P1,0
U30,U30_S3,U30_S3_P1,1791002230,U30_S3_P1_T2,15,15,0,4,new_U30_S3_P1,0
U30,U30_S3,U30_S3_P1,1791002306,U30_S3_P1_T3,13,13,0,4,new_U30_S3_P1,0
U30,U30_S3,U30_S3_P1,1791002352,U30_S3_P1_T4,22,22,0,4,new_U30_S3_P1,0
U30,U30_S3,U30_S3_P2,1791002416,U30_S3_P2_T1,9,9,0,3,repeated_sequence,1
U30,U30_S3,U30_S3_P2,1791002505,U30_S3_P2_T2,10,10,0,3,repeated_sequence,1
U30,U30_S3,U30_S3_P2,1791002540,U30_S3_P2_T3,5,5,0,3,repeated_sequence,1
U30,U30_S3,U30_S3_P3,1791002600,U30_S3_P3_T1,9,10,1,3,repeated_sequence,1
U30,U30_S3,U30_S3_P3,1791002684,U30_S3_P3_T2,15,15,0,3,repeated_sequence,1
U30,U30_S3,U30_S3_P3,1791002741,U30_S3_P3_T3,20,20,0,3,repeated_sequence,1
U30,U30_S3,U30_S3_P4,1791002779,U30_S3_P4_T1,30,30,0,5,new_U30_S3_P4,0
U30,U30_S3,U30_S3_P4,1791002855,U30_S3_P4_T2,15,15,0,5,new_U30_S3_P4,0
U30,U30_S3,U30_S3_P4,1791002936,U30_S3_P4_T3,6,7,1,5,new_U30_S3_P4,0
U30,U30_S3,U30_S3_P4,1791002995,U30_S3_P4_T4,5,5,0,5,new_U30_S3_P4,0
U30,U30_S3,U30_S3_P4,1791003043,U30_S3_P4_T5,19,19,0,5,new_U30_S3_P4,0
U30,U30_S3,U30_S3_P5,1791003130,U30_S3_P5_T1,12,12,0,3,repeated_sequence,1
U30,U30_S3,U30_S3_P5,1791003185,U30_S3_P5_T2,11,13,2,3,repeated_sequence,1
U30,U30_S3,U30_S3_P5,1791003262,U30_S3_P5_T3,26,26,0,3,repeated_sequence,1
U30,U30_S4,U30_S4_P1,1791003322,U30_S4_P1_T1,24,24,0,5,repeated_sequence,1
U30,U30_S4,U30_S4_P1,1791003349,U30_S4_P1_T2,26,26,0,5,repeated_sequence,1
U30,U30_S4,U30_S4_P1,1791003387,U30_S4_P1_T3,27,27,0,5,repeated_sequence,1
U30,U30_S4,U30_S4_P1,1791003454,U30_S4_P1_T4,17,17,0,5,repeated_sequence,1
U30,U30_S4,U30_S4_P1,1791003510,U30_S4_P1_T5,16,16,0,5,repeated_sequence,1
U30,U30_S4,U30_S4_P2,1791003541,U30_S4_P2_T1,11,11,0,4,new_U30_S4_P2,0
U30,U30_S4,U30_S4_P2,1791003617,U30_S4_P2_T2,28,28,0,4,new_U30_S4_P2,0
U30,U30_S4,U30_S4_P2,1791003693,U30_S4_P2_T3,14,15,1,4,new_U30_S4_P2,0
U30,U30_S4,U30_S4_P2,1791003766,U30_S4_P2_T4,9,9,0,4,new_U30_S4_P2,0
U30,U30_S4,U30_S4_P3,1791003804,U30_S4_P3_T1,11,11,0,2,repeated_sequence,1
U30,U30_S4,U30_S4_P3,1791003891,U30_S4_P3_T2,15,13,-2,2,repeated_sequence,1
U30,U30_S4,U30_S4_P4,1791003945,U30_S4_P4_T1,18,18,0,4,repeated_sequence,1
U30,U30_S4,U30_S4_P4,1791004024,U30_S4_P4_T2,27,27,0,4,repeated_sequence,1
U30,U30_S4,U30_S4_P4,1791004061,U30_S4_P4_T3,11,11,0,4,repeated_sequence,1
U30,U30_S4,U30_S4_P4,1791004129,U30_S4_P4_T4,14,14,0,4,repeated_sequence,1
U30,U30_S4,U30_S4_P5,1791004187,U30_S4_P5_T1,20,20,0,5,repeated_sequence,1
U30,U30_S4,U30_S4_P5,1791004266,U30_S4_P5_T2,12,11,-1,5,repeated_sequence,1
U30,U30_S4,U30_S4_P5,1791004319,U30_S4_P5_T3,14,14,0,5,repeated_sequence,1
U30,U30_S4,U30_S4_P5,1791004399,U30_S4_P5_T4,8,8,0,5,repeated_sequence,1
U30,U30_S4,U30_S4_P5,1791004455,U30_S4_P5_T5,18,18,0,5,repeated_sequence,1
